6.256665481692152975e-03,-6.932100959829379239e-03,-1.443298969072162596e-02,7.465339495200673525e-04,4.301457518663343027e-03,-8.531816565943706188e-04,6.043370067543546442e-03,2.879488091006049411e-03,7.820831852115156524e-03,5.545680767863547800e-03,1.581940988268745740e-02,-2.125844294347672969e-02,1.599715606114471278e-02,2.986135798080408188e-03,5.332385353714330645e-04,7.109847138286329304e-04,2.026306434411651036e-03,8.859269299492378291e-04,5.992253985118434212e-04,5.512621323111865923e-04,6.754354781372262639e-04,4.443654461429052960e-03,2.772840383931773900e-03,9.598293636686738850e-04,1.279772484891555928e-03,1.955207963028809948e-03,3.519374333451813497e-03,8.140774973338094078e-03,4.230359047280474183e-03,2.310700319943126413e-03,2.843938855314753766e-04,6.967650195520785905e-03,1.066477070743032662e-04,3.910415926057508873e-04,7.500888730892329992e-03,-1.955207963028837703e-03,-3.057234269463193765e-03,5.000665608859478084e-03,2.274082272841704278e-03,3.036982293747075845e-03,2.417348027017401924e-03,4.408105225737646293e-03,4.088162104514764250e-03,-1.137575542125887629e-03,3.270529683611800298e-03,-8.176324209029084411e-04,5.581230003554912833e-03,2.061855670103113214e-03,4.834696054034803847e-03,-2.666192676857415123e-03,4.265908282971880849e-03,3.092783505154600432e-03,2.879488091006104922e-03,-3.249200142196942420e-02,3.626022040526127865e-02,-1.457518663348755794e-03,8.460718094561003877e-03,-3.624242308360967058e-02,2.213237654937327825e-02,-2.941984562569022188e-02,3.092783505154642065e-03,2.239601848560243691e-03,3.270529683611800298e-03,6.007820831852112020e-03,2.026306434411664914e-03,4.692499111269121670e-03,4.941343761109134869e-03,4.976892996800402758e-04,-3.732669747600392274e-03,1.066477070742755107e-04,3.874866690366171595e-03,5.403483825097754600e-03,1.386420191965873072e-03,3.732669747600420029e-03,-2.879488091006049411e-03,-9.598293636686738850e-04,5.794525417703533243e-03,3.737251544360192801e-03,5.631809700559237131e-03,3.102250256271338325e-03
-4.000000000000003553e-03,-3.999999999999892530e-03,-5.000000000000004441e-03,-4.000000000000114575e-03,-5.000000000000004441e-03,-4.000000000000003553e-03,-4.999999999999893419e-03,-5.000000000000115463e-03,-5.000000000000004441e-03,-5.000000000000004441e-03,-6.000000000000005329e-03,-4.999999999999893419e-03,-6.000000000000005329e-03,-5.000000000000115463e-03,-6.000000000000005329e-03,-5.999999999999894307e-03,-5.594947701040742238e-03,-5.519537361625914684e-03,-5.212995247982465941e-03,-4.812788760897968032e-03,-2.000000000000001776e-03,-2.000000000000001776e-03,-2.000000000000001776e-03,-2.000000000000001776e-03,-2.000000000000001776e-03,-2.000000000000001776e-03,-3.000000000000002665e-03,-2.000000000000001776e-03,-3.000000000000002665e-03,-3.000000000000002665e-03,-3.000000000000002665e-03,-3.000000000000002665e-03,-3.000000000000002665e-03,-3.000000000000002665e-03,-3.999999999999892530e-03,-4.000000000000003553e-03,-3.999844256698859013e-03,-3.728465482839782297e-03,-2.956952358845410522e-03,-1.944433653232824355e-03,-5.000000000000004441e-03,-4.000000000000003553e-03,-5.000000000000004441e-03,-5.000000000000004441e-03,-5.000000000000004441e-03,-5.000000000000004441e-03,-5.000000000000115463e-03,-5.000000000000004441e-03,-5.999999999999894307e-03,-5.000000000000004441e-03,-5.999999999999894307e-03,-5.000000000000004441e-03,-6.000000000000116351e-03,-6.000000000000005329e-03,-6.000000000000005329e-03,-6.999999999999895195e-03,-6.750638771772621283e-03,-6.535037358790463102e-03,-5.744684969528290885e-03,-4.579335110201254722e-03,-1.000000000000000888e-03,-2.000000000000001776e-03,-1.000000000000000888e-03,-2.000000000000001776e-03,-2.000000000000001776e-03,-1.000000000000000888e-03,-2.000000000000001776e-03,-2.000000000000001776e-03,-2.000000000000001776e-03,-2.000000000000001776e-03,-2.000000000000001776e-03,-2.000000000000001776e-03,-3.000000000000002665e-03,-2.000000000000001776e-03,-3.000000000000002665e-03,-2.000000000000001776e-03,-2.642538787400727784e-03,-2.207205782498222746e-03,-1.932975380663393139e-03,-1.623542846392767025e-03
-7.092198581560849036e-04,-7.092198581560293924e-04,1.418439716312114296e-03,-6.382978723404320043e-03,-7.092198581560293924e-03,-3.546099290780091451e-03,-2.127659574468199200e-03,-2.127659574467977155e-03,0.000000000000000000e+00,3.546099290780091451e-03,3.546099290780202473e-03,2.836879432624062058e-03,1.418439716312114296e-03,-7.092198581560849036e-04,4.255319148936176354e-03,-3.454664634955528779e-03,-2.920646096044032802e-03,-4.098731769300534289e-03,-4.393961315193484207e-03,-3.599769044291711850e-03,3.546099290780091451e-03,3.546099290780202473e-03,2.836879432624117570e-03,5.673758865248179628e-03,4.964539007092205747e-03,4.255319148936231866e-03,4.255319148936065332e-03,5.673758865248235139e-03,5.673758865248290650e-03,6.382978723404320043e-03,2.127659574467921644e-03,2.836879432624117570e-03,2.836879432624117570e-03,2.127659574468143688e-03,2.836879432624117570e-03,3.272518120813638909e-03,4.257314554740099233e-03,4.998624564681586335e-03,5.267944560620407835e-03,5.311260784559235226e-03,4.964539007092094725e-03,-1.418439716312003274e-03,2.127659574468143688e-03,1.418439716312058785e-03,1.418439716312003274e-03,2.907801418439720509e-02,9.929078014184411494e-03,2.340425531914891444e-02,1.560283687943253561e-02,2.056737588652490789e-02,9.929078014184411494e-03,8.510638297872352709e-03,1.418439716312058785e-02,1.843971631205665318e-02,2.340425531914891444e-02,1.286937247938180207e-02,1.187789284195439610e-02,5.831756792426423530e-03,1.324042805926572974e-03,5.959478962141995240e-04,7.092198581560293924e-03,8.510638297872297198e-03,1.418439716312064336e-02,1.134751773049647028e-02,4.964539007092205747e-03,7.801418439716212294e-03,9.219858156028493124e-03,6.382978723404153509e-03,7.092198581560349435e-03,6.382978723404375554e-03,4.964539007092039213e-03,1.418439716312058785e-03,2.127659574468143688e-03,-3.546099290780202473e-03,-2.836879432624117570e-03,2.433333485943212082e-03,-8.237349110171710009e-04,-5.630253085027181470e-04,-2.393377854614797684e-05,7.592781037155105217e-04
2.190000000000025260e-03,3.560000000000118625e-03,4.159999999999941522e-03,4.009999999999958042e-03,3.099999999999991651e-03,2.219999999999999751e-03,2.000000000000001776e-03,1.920000000000143814e-03,2.009999999999845244e-03,2.260000000000039755e-03,2.659999999999995701e-03,3.110000000000057163e-03,3.510000000000013110e-03,3.879999999999994564e-03,4.189999999999916014e-03,4.449999999999953992e-03,4.660000000000108500e-03,4.384770602394172379e-03,3.982600426977955799e-03,3.546930958816529866e-03,3.999999999992898125e-05,-3.000000000000779821e-04,-3.999999999999559464e-04,-2.699999999999924682e-04,9.999999999998898659e-05,6.399999999999739231e-04,1.110000000000055387e-03,1.429999999999931326e-03,1.600000000000156852e-03,1.619999999999843787e-03,1.700000000000034817e-03,1.950000000000007283e-03,2.170000000000005258e-03,2.360000000000139764e-03,2.529999999999810179e-03,2.680000000000015703e-03,2.800000000000024691e-03,2.557585606826395797e-03,2.727192260643218624e-03,2.798845537686611706e-03,4.000000000000669687e-04,-3.000000000008551382e-05,1.600000000000489919e-04,9.000000000003449685e-05,4.999999999999449329e-05,0.000000000000000000e+00,2.000000000002000178e-05,-1.900000000000234834e-04,-3.199999999999869615e-04,-1.900000000000234834e-04,-2.800000000000579803e-04,-3.400000000000069633e-04,-2.299999999999524647e-04,-4.199999999999759481e-04,-6.000000000000449418e-04,-4.999999999999449329e-04,-4.600000000000159517e-04,-5.836709931124062223e-04,-5.744636613760345512e-04,-4.958362587559328460e-04,2.249999999999974243e-03,2.310000000000034248e-03,2.079999999999970761e-03,1.590000000000091340e-03,8.499999999999063860e-04,2.800000000000579803e-04,1.099999999999434763e-04,0.000000000000000000e+00,0.000000000000000000e+00,6.000000000006000533e-05,1.700000000000034817e-04,2.199999999999979750e-04,2.199999999999979750e-04,1.799999999999579714e-04,1.600000000000489919e-04,1.499999999999834799e-04,1.499999999999834799e-04,2.163817247727850557e-04,4.263847982733937059e-04,6.813677628666470198e-04
-1.999999999999996225e-02,3.250852826076716662e-02,9.219931127479041866e-03,-4.172845938824620848e-02,6.036989613213405992e-02,7.963010386786595340e-02,-4.095970465567033703e-02,3.628451515501374125e-02,2.922250110671908985e-02,-5.118189430406239193e-02,1.549760905506325503e-02,-2.716218431155248414e-02,8.319098486796794312e-03,7.921625463052062166e-02,-2.019828774469822896e-02,-7.956621409416647639e-02,5.506867030824408316e-02,4.329648219055193259e-02,-4.711339804651326624e-02,1.114436091500081716e-03,-5.639018995351463559e-05,1.505639018995352796e-02,-2.100000000000012967e-02,5.200000000000004619e-02,-3.167547835545403423e-03,1.435743728005078879e-02,3.810110555494627960e-03,1.860000000000006093e-02,3.224659317876865661e-02,4.115340682123136418e-02,7.847720276847880427e-04,8.215227972315219951e-03,4.300000000000003819e-02,1.100954397773046267e-02,1.976204644184065273e-02,2.112840958042871975e-02,-3.301814807098457649e-04,-3.984113772016428801e-02,7.141297265198742750e-03,5.199959296033707101e-02,2.000000000000001776e-03,2.000000000000001776e-03,6.000000000000005329e-03,4.000000000000003553e-03,1.000000000000000888e-03,3.000000000000113687e-03,1.999999999999890754e-03,0.000000000000000000e+00,0.000000000000000000e+00,0.000000000000000000e+00,-9.999999999998898659e-05,1.099999999999989875e-03,1.000000000000000888e-03,1.000000000000111910e-03,5.000000000000004441e-03,-5.995966377043138174e-03,-1.399689772133339005e-03,-2.910009245219669083e-03,-3.837346686636378124e-03,-4.125024958314793544e-03,1.383865514823168219e-03,6.156286860608872757e-03,1.045984762456808603e-02,3.500278707003756651e-03,8.437736159603304031e-03,9.948612123924505113e-03,1.187281098669856760e-02,-9.759437977230223105e-03,4.074065042821917171e-02,1.876165934806550695e-02,4.049769022371529914e-02,1.245827123468323805e-04,5.875417287653172949e-03,3.766514058149339483e-02,2.264854443638597559e-02,2.259430402165918395e-02,3.309201096046154866e-02,-4.073496885148475410e-02,3.291580723790121787e-02,8.560334377914369242e-03
1.321000000000016605e-03,1.319999999999987850e-03,7.800000000000029132e-04,7.800000000000029132e-04,7.810000000000316689e-04,7.800000000000029132e-04,7.800000000000029132e-04,9.059999999999623910e-04,9.050000000000446576e-04,9.059999999999623910e-04,9.050000000000446576e-04,9.059999999999623910e-04,7.840000000000069136e-04,7.840000000000069136e-04,7.829999999999781579e-04,7.840000000000069136e-04,7.840000000000069136e-04,7.056525731747864683e-04,7.718594350304419649e-04,8.318143572734193469e-04,-8.349999999999191402e-04,-8.340000000000014069e-04,1.029999999999642313e-04,1.029999999999642313e-04,1.030000000000752536e-04,1.029999999999642313e-04,1.029999999999642313e-04,2.060000000000394849e-04,2.059999999999284626e-04,2.060000000000394849e-04,2.060000000000394849e-04,2.059999999999284626e-04,6.200000000000649436e-04,6.199999999999539213e-04,6.209999999999826770e-04,6.200000000000649436e-04,6.199999999999539213e-04,5.243491746240724893e-04,3.836413474619382313e-04,1.375356098376467884e-04,3.509999999999902087e-04,3.509999999999902087e-04,5.300000000008076029e-05,5.199999999994098232e-05,5.300000000008076029e-05,5.199999999994098232e-05,5.299999999996973798e-05,-8.099999999999774047e-05,-7.999999999996898481e-05,-8.099999999999774047e-05,-7.999999999996898481e-05,-8.099999999999774047e-05,-5.300000000008076029e-05,-5.299999999996973798e-05,-5.299999999996973798e-05,-5.299999999996973798e-05,-5.300000000008076029e-05,-1.167237855171920913e-04,-2.041270739620015817e-04,-3.214215413288590284e-04,-9.620000000000183960e-04,-9.620000000000183960e-04,-1.419999999999754792e-04,-1.419999999999754792e-04,-1.419999999999754792e-04,-1.420000000000865015e-04,-1.419999999999754792e-04,-5.389999999999561808e-04,-5.399999999999849365e-04,-5.390000000000672031e-04,-5.399999999999849365e-04,-5.389999999999561808e-04,6.249999999999866773e-04,6.249999999999866773e-04,6.249999999999866773e-04,6.249999999999866773e-04,6.249999999999866773e-04,1.875266292405974866e-04,3.877997862422599695e-05,-3.473864712755236894e-05
-1.700000000000034817e-03,-9.000000000000119016e-04,8.000000000000229150e-04,2.199999999999979750e-03,2.399999999999957723e-03,1.900000000000012790e-03,1.099999999999989875e-03,4.000000000000669687e-04,0.000000000000000000e+00,-2.999999999999669598e-04,-2.000000000000889955e-04,-2.999999999999669598e-04,9.999999999998898659e-05,9.999999999998898659e-05,-9.999999999998898659e-05,9.999999999998898659e-05,9.999999999998898659e-05,9.999999999998898659e-05,1.843790312417992183e-04,2.985880910840732483e-04,-3.999999999999559464e-04,-6.000000000000449418e-04,-3.999999999999559464e-04,-1.000000000001000089e-04,-1.999999999999779732e-04,-9.999999999998898659e-05,9.999999999998898659e-05,9.999999999998898659e-05,0.000000000000000000e+00,9.999999999998898659e-05,1.000000000001000089e-04,0.000000000000000000e+00,1.999999999999779732e-04,9.999999999998898659e-05,1.999999999999779732e-04,9.999999999998898659e-05,9.999999999998898659e-05,9.999999999998898659e-05,3.498730822681928032e-05,-2.760432844417515241e-06,0.000000000000000000e+00,9.999999999998898659e-05,1.000000000001000089e-04,9.999999999998898659e-05,9.999999999998898659e-05,9.999999999998898659e-05,9.999999999998898659e-05,0.000000000000000000e+00,9.999999999998898659e-05,9.999999999998898659e-05,0.000000000000000000e+00,0.000000000000000000e+00,9.999999999998898659e-05,0.000000000000000000e+00,9.999999999998898659e-05,0.000000000000000000e+00,0.000000000000000000e+00,-9.999999999998898659e-05,-1.267031667140372519e-05,-3.793469715940300802e-05,0.000000000000000000e+00,0.000000000000000000e+00,0.000000000000000000e+00,0.000000000000000000e+00,0.000000000000000000e+00,0.000000000000000000e+00,-9.999999999998898659e-05,0.000000000000000000e+00,-1.999999999999779732e-04,-9.999999999998898659e-05,0.000000000000000000e+00,-1.000000000001000089e-04,-9.999999999998898659e-05,-9.999999999998898659e-05,-9.999999999998898659e-05,-9.999999999998898659e-05,-9.999999999998898659e-05,-1.999999999999779732e-04,-1.219820332392096418e-04,-1.352773223116665591e-04
2.000000000000001776e-03,2.000000000000001776e-03,2.000000000000001776e-03,2.000000000000001776e-03,4.000000000000003553e-03,3.000000000000002665e-03,4.000000000000003553e-03,4.000000000000003553e-03,2.000000000000001776e-03,1.999999999999890754e-03,2.000000000000112799e-03,2.000000000000001776e-03,2.000000000000001776e-03,3.000000000000002665e-03,2.000000000000001776e-03,2.000000000000001776e-03,1.187606031466392764e-04,-2.960911238464314366e-03,3.996222817578054531e-03,-3.842650644195977350e-03,2.000000000000001776e-03,2.000000000000112799e-03,2.000000000000001776e-03,-1.500000000000001332e-02,1.899999999999990585e-02,1.000000000000111910e-03,2.000000000000001776e-03,1.999999999999890754e-03,2.000000000000001776e-03,2.000000000000112799e-03,2.999999999999891642e-03,2.000000000000112799e-03,2.000000000000001776e-03,2.000000000000001776e-03,2.000000000000001776e-03,1.999999999999890754e-03,-1.898696802268551309e-02,1.312674917778011707e-02,-1.149690972839167991e-02,9.164397517042899288e-03,2.000000000000001776e-03,1.000000000000000888e-03,2.000000000000001776e-03,1.000000000000111910e-03,9.999999999998898659e-04,2.000000000000112799e-03,9.999999999998898659e-04,2.000000000000001776e-03,2.000000000000112799e-03,2.999999999999891642e-03,2.000000000000112799e-03,2.000000000000001776e-03,1.999999999999890754e-03,1.000000000000111910e-03,2.000000000000001776e-03,1.999999999999890754e-03,-2.998501963231703371e-03,-6.196007408761916579e-04,5.699633657977321022e-04,1.250346843308824951e-03,0.000000000000000000e+00,-1.000000000000111910e-03,4.000000000000114575e-03,2.000000000000001776e-03,-3.000000000000113687e-03,2.000000000000001776e-03,5.000000000000004441e-03,1.000000000000111910e-03,0.000000000000000000e+00,3.999999999999892530e-03,2.000000000000112799e-03,9.999999999998898659e-04,1.000000000000111910e-03,2.999999999999891642e-03,2.000000000000112799e-03,9.999999999998898659e-04,4.822240460249371807e-04,2.243969197897266454e-03,1.746182139181651216e-03,1.103559240545393116e-03
7.000000000000339284e-04,8.000000000000229150e-04,9.000000000000119016e-04,1.199999999999978861e-03,1.299999999999967848e-03,1.299999999999967848e-03,8.000000000000229150e-04,6.000000000000449418e-04,2.999999999999669598e-04,1.999999999999779732e-04,2.000000000000889955e-04,1.999999999999779732e-04,3.999999999999559464e-04,5.000000000000559552e-04,3.999999999999559464e-04,2.999999999999669598e-04,3.000000000000779821e-04,4.550857953311560067e-04,7.728035030464264210e-04,1.204256679735005164e-03,2.999999999999669598e-04,4.000000000000669687e-04,3.999999999999559464e-04,-2.999999999999669598e-04,1.199999999999978861e-03,2.999999999999669598e-04,6.000000000000449418e-04,3.999999999999559464e-04,5.000000000000559552e-04,5.999999999999339195e-04,7.000000000000339284e-04,7.000000000000339284e-04,6.999999999999229061e-04,8.000000000000229150e-04,7.000000000000339284e-04,8.000000000000229150e-04,6.999999999999229061e-04,4.103414457730103493e-04,5.413216629682748859e-04,5.043381848647277010e-04,1.999999999999779732e-04,2.000000000000889955e-04,9.999999999998898659e-05,9.999999999998898659e-05,9.999999999998898659e-05,9.999999999998898659e-05,0.000000000000000000e+00,9.999999999998898659e-05,0.000000000000000000e+00,-9.999999999998898659e-05,0.000000000000000000e+00,0.000000000000000000e+00,0.000000000000000000e+00,0.000000000000000000e+00,0.000000000000000000e+00,9.999999999998898659e-05,0.000000000000000000e+00,-3.151302673143341337e-06,-2.057033462887769559e-05,-2.756860526920146270e-05,-2.999999999999669598e-04,2.999999999999669598e-04,4.000000000000669687e-04,0.000000000000000000e+00,0.000000000000000000e+00,0.000000000000000000e+00,6.999999999999229061e-04,9.999999999998898659e-05,-9.999999999998898659e-05,5.000000000000559552e-04,2.999999999999669598e-04,1.999999999999779732e-04,3.000000000000779821e-04,4.999999999999449329e-04,3.999999999999559464e-04,3.000000000000779821e-04,2.999999999999669598e-04,2.377170043288412415e-04,2.072833502523296900e-04,1.553173048840505999e-04
1.478109374241642904e-02,2.551283699858686305e-07,2.549212041458304157e-07,2.547115656170717557e-07,4.218141496443950089e-03,-4.217632712673280437e-03,2.540678281093278201e-07,2.538492793746627285e-07,2.536289116505940910e-07,1.521687116665404460e-02,-1.521636457686881272e-02,2.529598503997476655e-07,2.527373510474717477e-07,2.525157043464787421e-07,-1.784393636036996078e-03,-1.000000000000000888e-03,1.201935750989358009e-02,1.794991431157577644e-03,-7.426371797178199508e-03,2.677372819513967883e-04,-3.000737316858237413e-03,-8.796092743068584241e-08,-8.817175967124057934e-08,-8.837633913572062738e-08,-1.998998174115529380e-03,1.998820832198378028e-03,-8.895739256331580691e-08,-8.914526006265077740e-08,-8.933119488574448042e-08,-3.998553398350868093e-03,3.998374185205211262e-03,-8.988592981040710583e-08,-9.008033430291106924e-08,-9.028053682413883507e-08,1.001896061595730636e-03,1.000000000000000888e-03,-2.924662668356781126e-03,-3.541040177702514669e-04,1.029660643407703802e-03,3.103570369398234163e-04,2.478623735211682444e-03,1.960547959157565856e-03,1.962603687161390553e-03,1.963462086990830358e-03,1.634762531478539671e-03,2.289820798824226955e-03,1.957966287847057174e-03,1.952514756396794837e-03,1.945105536435676186e-03,2.854592620496365640e-03,1.005914315283629179e-03,1.913613115675616427e-03,1.902627316923144463e-03,1.891810888224654263e-03,2.286034363892963661e-03,1.000000000000000888e-03,2.443244472884131824e-03,2.072188707818112263e-03,2.113114549203154446e-03,2.114276960315963905e-03,-5.009885869392105562e-03,3.378565907041775063e-07,3.376544839284179034e-07,3.374544306211646472e-07,-1.099112709611316241e-02,1.099180141265887478e-02,3.368616674492841412e-07,3.366606975419017544e-07,3.364573544217819290e-07,-2.992811392378169622e-03,2.993483686356879225e-03,3.358303430900377862e-07,3.356141817789648485e-07,3.353941835371188063e-07,4.005509474934609848e-03,1.000000000000000888e-03,-3.136228880696090293e-03,-3.653450482357656348e-03,-4.811045827763926752e-03,-4.347799143302522040e-03
0.000000000000000000e+00,0.000000000000000000e+00,0.000000000000000000e+00,0.000000000000000000e+00,0.000000000000000000e+00,0.000000000000000000e+00,0.000000000000000000e+00,0.000000000000000000e+00,0.000000000000000000e+00,0.000000000000000000e+00,0.000000000000000000e+00,0.000000000000000000e+00,0.000000000000000000e+00,0.000000000000000000e+00,0.000000000000000000e+00,0.000000000000000000e+00,0.000000000000000000e+00,0.000000000000000000e+00,0.000000000000000000e+00,0.000000000000000000e+00,9.999999999998898659e-05,2.000000000000889955e-04,9.999999999998898659e-05,2.999999999999669598e-04,2.999999999999669598e-04,3.000000000000779821e-04,3.999999999999559464e-04,3.999999999999559464e-04,4.000000000000669687e-04,2.999999999999669598e-04,3.999999999999559464e-04,3.000000000000779821e-04,2.999999999999669598e-04,2.999999999999669598e-04,4.000000000000669687e-04,2.999999999999669598e-04,2.999999999999669598e-04,3.000000000000779821e-04,3.573959208927890430e-04,3.551159057871844382e-04,2.999999999999669598e-04,3.999999999999559464e-04,-4.999999999999449329e-04,4.999999999999449329e-04,-9.999999999998898659e-05,-9.999999999998898659e-05,9.999999999998898659e-05,-2.999999999999669598e-04,0.000000000000000000e+00,-2.999999999999669598e-04,-5.000000000000559552e-04,-6.000000000000449418e-04,-4.999999999999449329e-04,-1.999999999999779732e-04,2.999999999999669598e-04,-3.999999999999559464e-04,0.000000000000000000e+00,1.999999999999779732e-04,-5.999944872832063680e-04,-5.376163063995909042e-04,1.100000000000100897e-03,1.000000000000000888e-03,1.000000000000000888e-03,1.000000000000000888e-03,1.000000000000000888e-03,8.999999999999008793e-04,1.000000000000000888e-03,-3.999999999999559464e-04,-3.999999999999559464e-04,-3.000000000000779821e-04,-3.999999999999559464e-04,-3.999999999999559464e-04,-4.000000000000669687e-04,-2.999999999999669598e-04,-4.000000000000669687e-04,-3.999999999999559464e-04,0.000000000000000000e+00,0.000000000000000000e+00,2.725144425348435817e-04,2.612459638829944808e-04
8.155936180316403217e-03,8.387393970430756518e-03,8.807780456648206524e-03,7.921993277158256852e-03,8.701188579799845613e-03,8.620886937406480044e-03,7.834639799498166468e-03,9.038018204888920160e-03,8.236489931739976456e-03,8.007541631079306832e-03,9.218682043330206355e-03,7.788008171376703537e-03,8.440772705030630263e-03,9.226060543817693471e-03,7.622921679569572007e-03,9.151017776612646593e-03,8.474518085416771207e-03,7.471849378994810387e-03,9.221863819294684461e-03,7.861298936590932485e-03,1.005439656178741537e-02,1.006487462271166144e-02,1.007377666173459030e-02,1.001602333569995285e-02,1.010067095732969378e-02,1.011258365894029954e-02,9.871329566472963890e-03,1.025174743584711390e-02,1.014702004016720949e-02,9.513197444278254089e-03,1.050041278904423336e-02,1.040836176550563597e-02,9.571513878846693579e-03,1.050952776760061269e-02,1.015002573623025039e-02,1.034044649616916445e-02,1.050825362485852121e-02,9.565280098480899440e-03,9.924819980105414885e-03,1.038474025212998697e-02,1.200017996911384444e-03,1.200017996892399630e-03,1.200017986828116889e-03,1.200017643881889917e-03,1.200022654595178651e-03,1.200298311773595472e-03,1.202030459631853176e-03,1.187990299892693891e-03,1.081246697234305998e-03,1.092655451351953744e-03,1.444127988850962829e-03,8.486579549819017743e-04,1.346969185220481258e-03,1.996100342599893551e-03,1.799691062842612155e-07,2.003719688293825740e-03,1.219459868322503304e-03,-2.965337217722963103e-04,1.463465999430924036e-03,2.003200745007371886e-03,-5.600747546211204408e-03,-5.898193857361011538e-03,-6.126713591995347485e-03,-5.524803556188451203e-03,-6.098221940516790340e-03,-5.936154366481538602e-03,-5.578662930363242900e-03,-6.217022489096390991e-03,-5.724014194072757356e-03,-5.742502594183185316e-03,-6.210873616587675450e-03,-5.568368466232764824e-03,-5.959582192407997248e-03,-6.173289216729660467e-03,-5.604147541198756244e-03,-6.222563242071599277e-03,-5.868056942755606187e-03,-5.608191157485009626e-03,-6.222175969913146254e-03,-5.668033873853173255e-03
1.400000000000067857e-03,1.399999999999956835e-03,1.399999999999956835e-03,1.500000000000056843e-03,1.399999999999956835e-03,1.400000000000067857e-03,1.399999999999956835e-03,1.500000000000056843e-03,1.399999999999956835e-03,1.399999999999956835e-03,1.300000000000078870e-03,1.399999999999956835e-03,1.299999999999967848e-03,1.199999999999978861e-03,1.300000000000078870e-03,1.199999999999978861e-03,1.299999999999967848e-03,1.400000000000067857e-03,1.375855772056344684e-03,1.451115501782007655e-03,2.399999999999957723e-03,2.200000000000090772e-03,2.099999999999990763e-03,-4.000000000000003553e-03,7.799999999999918110e-03,1.800000000000023803e-03,1.600000000000045830e-03,1.499999999999945821e-03,1.500000000000056843e-03,1.399999999999956835e-03,1.299999999999967848e-03,1.300000000000078870e-03,1.199999999999978861e-03,1.199999999999978861e-03,1.099999999999989875e-03,1.099999999999989875e-03,1.000000000000000888e-03,9.000000000000119016e-04,1.214655143877640953e-03,1.166313502712013062e-03,7.000000000000339284e-04,5.999999999999339195e-04,4.000000000000669687e-04,1.999999999999779732e-04,1.999999999999779732e-04,9.999999999998898659e-05,9.999999999998898659e-05,0.000000000000000000e+00,0.000000000000000000e+00,0.000000000000000000e+00,-9.999999999998898659e-05,0.000000000000000000e+00,0.000000000000000000e+00,0.000000000000000000e+00,0.000000000000000000e+00,0.000000000000000000e+00,9.999999999998898659e-05,9.999999999998898659e-05,3.097361370185680585e-05,-5.401179293162972073e-05,6.999999999999229061e-04,7.000000000000339284e-04,7.000000000000339284e-04,6.999999999999229061e-04,6.000000000000449418e-04,5.999999999999339195e-04,5.000000000000559552e-04,4.999999999999449329e-04,4.000000000000669687e-04,3.999999999999559464e-04,4.000000000000669687e-04,3.999999999999559464e-04,2.999999999999669598e-04,4.000000000000669687e-04,3.999999999999559464e-04,4.000000000000669687e-04,5.999999999999339195e-04,7.000000000000339284e-04,5.931801759944121955e-04,6.999452921323534582e-04
-3.146146834290541872e-03,6.644151338413450958e-03,6.807479071646638236e-03,7.012154729856889812e-03,-1.731763830562643713e-02,3.210433308446797307e-02,7.754483365275177675e-03,7.919043401052761055e-03,8.022192062895783238e-03,1.419994808630831162e-02,1.912562422602959167e-03,7.993206681184972240e-03,7.902121063203537688e-03,7.775302803302963639e-03,2.441680702970555616e-02,-9.377942453749288365e-03,-6.220575462506650055e-04,4.926863219932464677e-03,5.243744305178377196e-04,7.189816850494690215e-06,7.414163855710864670e-03,7.620308144208109979e-03,7.831471570998616016e-03,8.063054780286904588e-03,9.071001648795540273e-03,7.966737256982048265e-03,9.823689377537248024e-03,1.175389346007449376e-02,1.451451444935619728e-02,1.594116545605001045e-02,2.431603115907637891e-02,2.510121408017690348e-02,2.657843081729538426e-02,2.658235806491049402e-02,2.742196587854084378e-02,2.027109760379031123e-02,1.972890239620961328e-02,1.983049451486496029e-02,1.490978950162025196e-02,1.177860871811831078e-02,2.157025338132712022e-02,2.081762495322436735e-02,2.018016340667827535e-02,1.899888771185942460e-02,1.843307054691079028e-02,1.400529710810760609e-02,1.332037082312353959e-02,1.190083703296807016e-02,1.090588869507769232e-02,9.867606340723145131e-03,1.059082982950709795e-02,1.000895709107396669e-02,9.926976828282363385e-03,9.877267294527314334e-03,9.595968956609191025e-03,1.010153269971514334e-02,9.898467300284874426e-03,1.198189677642236273e-02,1.358706700479861418e-02,1.564588545910650108e-02,6.495348875352080498e-03,7.270146633899687849e-03,7.923943316917814172e-03,8.850066764502173555e-03,9.460494409328223941e-03,1.204125713676890141e-02,1.279335883356219616e-02,1.400287060668153893e-02,1.508185034052900164e-02,1.608066308245836851e-02,1.680505141267163438e-02,1.757858277418478110e-02,1.820693440776466332e-02,1.874034066782570562e-02,1.866909073755318449e-02,1.997427374769278341e-02,2.002572625230725212e-02,-2.001391816769992893e-02,-7.762767480729015901e-04,-1.286016578998894211e-02
-3.999999999999992450e-02,5.999999999999994227e-02,7.000000000000006217e-02,-6.000000000000005329e-02,9.999999999999997780e-02,0.000000000000000000e+00,-1.000000000000000888e-02,-7.999999999999996003e-02,9.999999999999997780e-02,-5.999999999999994227e-02,4.999999999999993339e-02,2.000000000000001776e-02,5.000000000000004441e-02,-6.000000000000005329e-02,0.000000000000000000e+00,-3.000000000000002665e-02,-7.999999999999996003e-02,-1.000000000000000888e-02,3.185116708268109775e-02,5.192175577496038752e-02,1.000000000000000888e-02,-6.000000000000005329e-02,1.000000000000000888e-02,0.000000000000000000e+00,1.000000000000000888e-02,0.000000000000000000e+00,1.000000000000000888e-02,3.000000000000002665e-02,-2.000000000000001776e-02,4.000000000000003553e-02,2.000000000000001776e-02,1.999999999999990674e-02,-9.999999999999897859e-03,-6.000000000000005329e-02,0.000000000000000000e+00,1.000000000000000888e-02,-1.000000000000000888e-02,0.000000000000000000e+00,1.199757648178778613e-02,1.404394232210770532e-02,-1.000000000000000888e-02,-1.000000000000000888e-02,-9.999999999999897859e-03,1.999999999999990674e-02,1.000000000000000888e-02,-1.000000000000000888e-02,0.000000000000000000e+00,0.000000000000000000e+00,0.000000000000000000e+00,0.000000000000000000e+00,0.000000000000000000e+00,0.000000000000000000e+00,0.000000000000000000e+00,-1.000000000000000888e-02,-9.999999999999897859e-03,0.000000000000000000e+00,0.000000000000000000e+00,2.999999999999991562e-02,-5.834907218603690993e-04,-2.105981323105021730e-02,1.000000000000000888e-02,0.000000000000000000e+00,4.999999999999993339e-02,4.000000000000003553e-02,1.000000000000000888e-02,-1.000000000000000888e-02,-1.000000000000000888e-02,4.000000000000003553e-02,-4.000000000000003553e-02,-7.999999999999996003e-02,7.999999999999996003e-02,0.000000000000000000e+00,0.000000000000000000e+00,-1.999999999999999556e-01,-7.000000000000006217e-02,2.000000000000000666e-01,-8.000000000000007105e-02,-6.999999999999995115e-02,5.587811210196980127e-02,1.982592336718125292e-02
2.139697646250104945e-03,4.693697482670344812e-03,4.653306215650632183e-04,2.773900573918353096e-03,3.036371968372586494e-03,3.982858766663932570e-03,1.199035999410624775e-03,-8.111938205856983330e-04,1.025166262167354070e-02,-5.085685721580301966e-03,7.062279922701586443e-03,1.960342075970622489e-04,1.013067456957894574e-02,2.273389643506762425e-04,2.266181300498715245e-04,1.025536833602058717e-02,6.791671755006500888e-04,9.503782375963276685e-03,-2.318823130322722470e-03,5.451720984835817241e-03,-1.228120756657924417e-02,2.923643370915862683e-02,3.387000000000006672e-02,1.131999999999988571e-02,-4.158000000000006136e-02,9.170000000000011475e-03,7.844000000000006523e-02,-3.314999999999990177e-02,7.408999999999998920e-02,3.313999999999994728e-02,3.589999999999993197e-02,-6.587999999999993861e-02,-1.288000000000011358e-02,6.672223330122717400e-02,3.546776669877294008e-02,2.271000000000000796e-02,-3.881999999999996565e-02,1.640488730115929883e-02,6.425739077497183427e-02,5.431058944415878553e-02,-2.920999999999995822e-02,-1.430999999999993388e-02,1.004099999999999993e-01,-3.880000000000005667e-02,-3.805000000000002824e-02,4.400000000000181544e-03,1.259999999999816822e-03,-4.739999999999966462e-03,-1.392000000000004345e-02,-4.519999999999857465e-03,3.809999999999980069e-03,5.630000000000023874e-03,-2.617000000000013760e-02,9.710000000000107434e-03,2.283999999999986041e-02,-2.905999999999986372e-02,-4.399999999999959499e-04,-1.523000000000007681e-02,2.620245617164418395e-02,5.790109827945144616e-03,-2.788550649614740529e-02,1.008999999999993236e-02,3.414000000000005919e-02,9.506999999999998785e-02,-2.943999999999991068e-02,-3.185999999999999943e-02,-7.437000000000015820e-02,1.250300000000001965e-01,-3.023000000000009013e-02,4.844187007981837212e-03,6.417490808580339490e-03,6.294235550448945560e-03,6.162264239328751891e-03,1.047182239366006851e-02,1.818000000000008498e-02,2.285000000000003695e-02,-6.901000000000001577e-02,-2.803296776960562120e-03,9.363740216556692975e-02,6.269629231655315937e-02
1.350535354664939014e-02,1.238545600526208545e-02,1.244373656228958680e-02,1.243225913088963352e-02,1.435319475490925978e-02,1.021721500500794022e-02,1.211505182897110178e-02,1.205737129160411314e-02,1.204633342356942194e-02,-6.059715491525397013e-04,2.764000000000010893e-02,6.529999999999924754e-03,2.588000000000001410e-02,5.659999999999887343e-03,-1.342999999999983096e-02,1.886999999999994237e-02,0.000000000000000000e+00,5.240000000000022418e-03,2.054503241452632079e-02,1.748564052859113982e-02,-1.704526950073093072e-02,1.930500700408899206e-07,1.927934789591745357e-07,1.925384935930196662e-07,-6.135308881311751783e-03,6.135693199098235517e-03,1.917819218988370267e-07,1.915318250667041866e-07,1.912827799488425740e-07,-2.521626779562502474e-02,1.249999999999995559e-02,1.539999999999985825e-03,1.510000000000122355e-03,1.469999999999971330e-03,1.333999999999990749e-02,1.190000000000002167e-02,0.000000000000000000e+00,0.000000000000000000e+00,-7.491991223955496437e-03,-7.388156067045792419e-03,-5.880361994759497613e-03,-4.651151225232297293e-03,-2.658575623627368323e-03,5.747886747543562436e-04,3.805300168864822474e-03,1.147177857910619547e-02,1.391280575933251384e-02,1.556664441511657060e-02,1.518853872707381925e-02,1.379023251937083749e-02,9.899999999999908873e-03,5.899999999999794298e-04,9.800000000000030909e-03,9.800000000000030909e-03,3.900000000001124789e-04,9.699999999999930900e-03,0.000000000000000000e+00,0.000000000000000000e+00,3.720592203325212566e-03,5.292096682668390173e-03,1.316282376162547507e-05,1.853672591096255928e-03,1.859030081675427937e-03,1.865295390303112200e-03,-6.701160886836587949e-03,1.045347782791106184e-02,1.884630150868815690e-03,1.886112643830983870e-03,1.884295869388097344e-03,-5.428516491998935933e-03,2.272000000000007347e-02,-1.174000000000008370e-02,-3.799999999998249223e-04,1.110999999999995325e-02,-4.800000000000359535e-04,-1.134999999999997122e-02,1.086999999999993527e-02,0.000000000000000000e+00,-2.271080636727140778e-02,9.182222613836943381e-03
6.000000000000005329e-03,7.000000000000006217e-03,5.999999999999949818e-03,7.000000000000061728e-03,5.000000000000004441e-03,5.000000000000004441e-03,7.000000000000061728e-03,9.000000000000007994e-03,6.000000000000005329e-03,6.999999999999895195e-03,5.000000000000004441e-03,6.000000000000005329e-03,7.000000000000006217e-03,4.999999999999948930e-03,6.000000000000005329e-03,6.000000000000005329e-03,6.000000000000005329e-03,6.547684562350830628e-03,6.733768997561340175e-03,6.714722136793582763e-03,-6.000000000000005329e-03,8.000000000000118128e-03,7.999999999999896083e-03,6.000000000000005329e-03,5.999999999999894307e-03,-3.000000000000002665e-03,-3.999999999999892530e-03,2.000000000000112799e-03,1.399999999999990141e-02,7.000000000000006217e-03,3.999999999999892530e-03,3.000000000000113687e-03,3.999999999999892530e-03,-2.000000000000001776e-03,-5.000000000000004441e-03,-8.000000000000007105e-03,1.000000000000111910e-03,1.212724368405360131e-03,1.061278192335668447e-02,1.263452832136313653e-02,-1.000000000000000888e-03,0.000000000000000000e+00,-1.999999999999890754e-03,-2.000000000000112799e-03,6.000000000000005329e-03,4.000000000000003553e-03,4.000000000000003553e-03,4.000000000000003553e-03,4.000000000000003553e-03,1.000000000000000888e-03,1.000000000000000888e-03,1.000000000000000888e-03,2.000000000000001776e-03,-1.000000000000000888e-03,1.000000000000000888e-02,1.000000000000000888e-02,9.000000000000007994e-03,6.055490972185606502e-03,2.128672183285051922e-03,-2.144808572046241757e-03,1.500000000000001332e-02,1.200000000000001066e-02,-1.000000000000000888e-03,1.100000000000000977e-02,6.999999999999950706e-03,3.000000000000113687e-03,-7.000000000000117240e-03,-7.999999999999951594e-03,8.999999999999952482e-03,8.000000000000007105e-03,6.000000000000005329e-03,1.100000000000000977e-02,1.100000000000000977e-02,1.000000000000000888e-02,8.000000000000007105e-03,8.999999999999896971e-03,7.000000000000117240e-03,-2.910791471914642159e-03,2.318879402298801296e-04,3.321721836085922419e-04
-1.759999999999983800e-03,-1.670000000000060325e-03,-1.529999999999920313e-03,-1.280000000000058868e-03,-1.000000000000111910e-03,-4.599999999999049294e-04,-4.999999999988347099e-05,4.499999999999504396e-04,1.029999999999975380e-03,1.639999999999974811e-03,-9.000000000000119016e-04,1.400000000000067857e-03,8.799999999999918998e-04,6.819999999999937224e-03,4.950000000000009948e-03,-1.999999999990897948e-05,-4.000000000004000356e-05,-3.300000000000080647e-03,-3.349999999999964118e-03,9.965761047108223636e-04,-2.207999999999987750e-02,-2.294000000000007145e-02,4.680000000000017479e-03,-1.361999999999996547e-02,-4.500000000000059508e-03,-1.159999999999938858e-03,4.597999999999990983e-02,1.021000000000005237e-02,2.850000000000019185e-03,7.240000000000024194e-03,-3.640000000000087610e-03,2.689999999999970193e-03,-5.199999999999982414e-03,4.399999999999959499e-04,4.030000000000089067e-03,7.459999999999911147e-03,1.210999999999995413e-02,2.080000000000081783e-03,1.959999999999961773e-03,1.294043994076909954e-02,-7.500000000000284217e-04,-5.399999999999849365e-04,-5.600000000000049383e-04,-4.199999999999759481e-04,-5.100000000000104450e-04,-4.000000000004000356e-05,5.199999999999649347e-04,-4.499999999999948486e-03,8.179999999999965077e-03,-1.779999999999892779e-03,1.634999999999997566e-02,1.251999999999997559e-02,3.183999999999997943e-02,1.513999999999993129e-02,3.720000000000056595e-03,5.510000000000014886e-03,3.100000000000324718e-04,1.389999999999891322e-03,1.330000000000053362e-03,2.067099520986270811e-03,8.699999999999263878e-04,2.799999999999469580e-04,-2.310000000000034248e-03,-8.339999999999903046e-03,1.475999999999999535e-02,7.569999999999965645e-03,2.610000000000001208e-03,-1.000999999999996337e-02,1.024999999999998135e-02,5.450000000000065903e-03,4.659999999999886455e-03,-1.069999999999904361e-03,3.049999999999997158e-03,5.579999999999918359e-03,-4.959999999999964437e-03,-4.729999999999900950e-03,-2.640000000000009006e-02,2.680000000000015703e-03,2.489999999999992220e-03,-3.910588637985323857e-04
0.000000000000000000e+00,-5.398723706832031510e-03,-3.601276293167976483e-03,0.000000000000000000e+00,0.000000000000000000e+00,0.000000000000000000e+00,0.000000000000000000e+00,0.000000000000000000e+00,0.000000000000000000e+00,0.000000000000000000e+00,0.000000000000000000e+00,1.800000000000001599e-02,0.000000000000000000e+00,0.000000000000000000e+00,0.000000000000000000e+00,0.000000000000000000e+00,-2.700000000000002398e-02,0.000000000000000000e+00,0.000000000000000000e+00,0.000000000000000000e+00,0.000000000000000000e+00,0.000000000000000000e+00,0.000000000000000000e+00,3.299999999999991829e-02,0.000000000000000000e+00,0.000000000000000000e+00,3.000000000000002665e-03,0.000000000000000000e+00,6.300000000000005596e-02,9.999999999998898659e-04,2.000000000000001776e-03,4.000000000000003553e-03,0.000000000000000000e+00,-1.699999999999990408e-02,1.999999999999890754e-03,0.000000000000000000e+00,2.700000000000002398e-02,0.000000000000000000e+00,-2.410000000000001030e-02,2.960000000000007070e-02,0.000000000000000000e+00,0.000000000000000000e+00,1.000000000000000888e-03,-1.400000000000001243e-02,0.000000000000000000e+00,0.000000000000000000e+00,9.000000000000007994e-03,8.000000000000007105e-03,-9.000000000000007994e-03,0.000000000000000000e+00,5.000000000000004441e-03,0.000000000000000000e+00,0.000000000000000000e+00,0.000000000000000000e+00,0.000000000000000000e+00,0.000000000000000000e+00,0.000000000000000000e+00,3.500000000000003109e-02,5.099999999999993427e-03,0.000000000000000000e+00,6.499999999999994671e-02,0.000000000000000000e+00,0.000000000000000000e+00,-2.499999999999991118e-02,0.000000000000000000e+00,0.000000000000000000e+00,5.199999999999993516e-02,0.000000000000000000e+00,5.000000000000004441e-03,1.100000000000000977e-02,8.000000000000118128e-03,0.000000000000000000e+00,4.199999999999981526e-02,2.000000000000112799e-03,-1.000000000000000888e-03,2.599999999999991207e-02,-3.000000000000002665e-03,0.000000000000000000e+00,-1.539999999999985825e-02,0.000000000000000000e+00
-9.999999999998898659e-05,-7.999999999994122923e-05,-8.000000000005225154e-05,-7.999999999991347366e-05,-6.180000000000074323e-03,-6.180000000000018812e-03,-6.190000000000001057e-03,-6.179999999999991056e-03,-6.059999999999982068e-03,-6.080000000000029825e-03,-6.099999999999994316e-03,-6.099999999999994316e-03,-6.060000000000009823e-03,-6.019999999999997575e-03,-5.970000000000003082e-03,-5.929999999999990834e-03,-5.889999999999978586e-03,-5.920137617158025001e-03,-6.188656481610946281e-03,-5.861954957742845918e-03,1.871000000000000441e-02,1.878000000000007441e-02,1.883999999999991237e-02,1.890000000000002789e-02,1.892999999999989136e-02,1.896000000000008789e-02,1.898999999999995136e-02,1.901000000000008239e-02,1.902000000000003688e-02,1.896999999999982034e-02,1.873000000000002441e-02,1.874000000000008992e-02,1.875999999999999890e-02,1.876999999999995339e-02,1.877000000000006441e-02,1.876999999999995339e-02,1.875000000000004441e-02,1.899546422043441041e-02,1.897739048805147100e-02,1.900964096400292735e-02,2.219999999999999751e-03,2.170000000000116280e-03,2.139999999999919744e-03,2.090000000000036273e-03,2.059999999999950759e-03,2.019999999999910756e-03,1.980000000000092797e-03,1.940000000000052793e-03,1.909999999999967280e-03,1.870000000000038298e-03,1.809999999999978293e-03,1.780000000000003801e-03,1.750000000000029310e-03,1.730000000000009308e-03,7.000000000001449507e-05,7.999999999996898481e-05,7.000000000001449507e-05,8.697029796563837678e-04,1.564279747973351675e-03,1.843358262405003778e-03,4.010000000000069065e-03,4.009999999999958042e-03,4.020000000000023554e-03,4.029999999999978044e-03,4.029999999999978044e-03,4.049999999999998046e-03,1.019000000000003237e-02,1.031000000000004135e-02,1.044999999999984830e-02,1.062000000000018485e-02,1.098999999999983324e-02,1.105000000000011529e-02,1.111999999999990774e-02,1.119000000000003325e-02,1.124999999999998224e-02,1.131000000000004224e-02,1.138999999999990020e-02,1.138090090966270562e-02,1.080767455956577194e-02,9.983288064313144972e-03
8.282602393638871519e-05,0.000000000000000000e+00,-2.436059527510803235e-05,-1.218029763776495855e-04,-1.705241669280876948e-05,-1.802684050388192460e-04,-1.193669168499944533e-04,-1.461635716515363725e-05,3.166877385796240674e-05,-2.070650598415824106e-04,-3.897695244083898558e-04,-1.510356907080678823e-04,5.359330960608144068e-05,-1.851511242976222604e-04,-6.053308517317557147e-05,1.798044420523448039e-04,3.359145778425443041e-06,-2.739082833596029332e-04,-2.053852969555736152e-04,-3.553609204287599965e-05,2.850189647232159729e-04,1.705241669280876948e-05,-8.769814299158795734e-05,-6.163230604704361681e-04,-7.308178582654534239e-05,-2.143732384244367850e-04,-1.120587382673621235e-04,-7.624866321231937860e-04,1.010964703933581177e-03,-7.844111678716458869e-04,-5.797821675569414523e-04,1.193669168499944533e-04,9.257026204700924410e-05,-5.893092798988641690e-04,3.157034601860564393e-04,-1.140699056484395513e-04,-5.335032673947637250e-04,-2.102806986727934202e-04,-7.575403811121983466e-05,-1.473414519543858603e-04,5.432412746437798035e-03,4.628513102346021313e-04,1.595618990545610849e-03,-3.473820886287226628e-03,1.556642038104794068e-03,-2.889166599674752867e-03,-3.166877385840649595e-05,-5.773461080293973424e-04,5.807565913680590164e-03,-3.909875541718621506e-03,-1.203413406610009950e-03,-1.863585538576129075e-03,6.479918343283985749e-04,9.458166832798653445e-04,7.662355714397328654e-04,-1.134302215768379085e-04,-1.243361330703129930e-03,-7.253670072540074898e-04,1.783165032711586662e-04,1.686536019371853712e-04,4.141301196834978882e-04,-1.169308573227834103e-04,1.315472144879370475e-04,-4.628513102356013320e-05,1.218029763776495855e-04,-2.923271433060703473e-04,7.551784535397843001e-05,0.000000000000000000e+00,6.479918343286206195e-04,-4.263104173213294601e-04,-6.820966677145712254e-05,-6.333754771636890268e-05,8.282602393661075979e-05,3.270183064395526529e-04,4.108647643841223385e-05,-1.076573650315992836e-04,-8.074529436064015187e-05,4.028491403140765925e-05,9.947423893941209627e-05,6.100706604217354112e-05
-1.200000000000089884e-04,-9.999999999998898659e-05,-9.999999999998898659e-05,-1.100000000000544986e-04,5.580000000000029381e-03,5.580000000000029381e-03,5.579999999999973870e-03,5.579999999999973870e-03,5.580000000000029381e-03,5.589999999999983871e-03,5.580000000000029381e-03,5.589999999999983871e-03,5.660000000000109388e-03,5.739999999999911839e-03,5.809999999999981846e-03,5.879999999999996341e-03,5.949999999999955325e-03,5.944269810159941159e-03,3.944493872761800635e-03,3.146382849503914780e-03,9.530000000000038440e-03,9.429999999999938431e-03,9.329999999999949445e-03,9.240000000000136993e-03,9.139999999999925961e-03,8.239999999999914060e-03,8.120000000000127116e-03,8.009999999999961595e-03,7.899999999999907097e-03,7.750000000000145661e-03,7.469999999999976659e-03,7.369999999999876650e-03,7.269999999999998685e-03,7.180000000000075211e-03,7.079999999999975202e-03,6.980000000000097238e-03,6.870000000000042739e-03,7.321761547590122099e-03,7.564109567482546481e-03,7.977683418691206008e-03,5.000000000000559552e-04,-7.000000000000339284e-04,-6.499999999999284128e-04,-6.000000000000449418e-04,-5.600000000000049383e-04,-5.199999999999649347e-04,-4.699999999999704414e-04,-4.399999999999959499e-04,-4.000000000000669687e-04,-3.600000000000269651e-04,-4.300000000000414602e-04,-4.099999999999104361e-04,-3.900000000000014566e-04,-3.500000000000724754e-04,-3.299999999999414513e-04,-2.999999999999669598e-04,-2.900000000000124700e-04,-4.943173387036425837e-04,-5.018869572211981378e-04,-5.305093082722533993e-04,3.419999999999867590e-03,4.560000000000119513e-03,4.569999999999962981e-03,4.589999999999982983e-03,4.599999999999937472e-03,4.619999999999957474e-03,4.630000000000134008e-03,4.649999999999931966e-03,4.660000000000108500e-03,4.719999999999835438e-03,4.959999999999964437e-03,4.960000000000075460e-03,4.950000000000009948e-03,4.950000000000009948e-03,4.939999999999944436e-03,4.940000000000055458e-03,4.939999999999944436e-03,4.804390160328853021e-03,4.794052776320834042e-03,4.749049788947967699e-03
4.000000000000003553e-03,2.299999999999996492e-03,4.000000000000003553e-03,3.799999999999997824e-03,2.799999999999996936e-03,4.199999999999995404e-03,3.000000000000002665e-03,6.000000000000005329e-03,2.500000000000002220e-03,4.999999999999990563e-03,3.300000000000011258e-03,5.099999999999993427e-03,5.199999999999996292e-03,4.600000000000006861e-03,4.400000000000001132e-03,5.799999999999999600e-03,3.456969919335889374e-03,4.240842917836967763e-03,4.041635401449999998e-03,3.845858770879478916e-03,1.510000000000000231e-02,2.119999999999999662e-02,2.240000000000000324e-02,3.120000000000000551e-02,3.690000000000001612e-02,3.889999999999999014e-02,4.290000000000002145e-02,4.749999999999998668e-02,4.670000000000001927e-02,4.489999999999993996e-02,3.740000000000004432e-02,3.800000000000008926e-02,3.399999999999986366e-02,3.040000000000009361e-02,2.319999999999999840e-02,1.879999999999992788e-02,2.094766059727171115e-02,2.921417830147576833e-02,3.951063813218114174e-02,4.687560534174795013e-02,4.599999999999937472e-03,2.900000000000013678e-03,3.000000000000002665e-03,2.900000000000013678e-03,1.600000000000045830e-03,2.899999999999902656e-03,2.000000000000889955e-04,1.199999999999978861e-03,-2.999999999999669598e-04,3.999999999999559464e-04,9.000000000000119016e-04,5.999999999999339195e-04,-1.299999999999967848e-03,-1.099999999999989875e-03,-8.000000000000229150e-04,0.000000000000000000e+00,-1.114610174020924660e-03,-1.370301737646517637e-04,7.164174571627768273e-04,1.749263187245664319e-03,8.099999999999996092e-03,7.799999999999973621e-03,6.599999999999994760e-03,6.200000000000038813e-03,1.400000000000012346e-03,9.400000000000074962e-03,2.899999999999902656e-03,2.299999999999968736e-03,3.000000000000002665e-03,5.100000000000048939e-03,4.999999999999948930e-03,3.700000000000036593e-03,2.599999999999991207e-03,1.400000000000012346e-03,3.799999999999970068e-03,9.999999999998898659e-05,8.169279787068328691e-03,5.271657986407884966e-03,5.389553882309938704e-03,5.316122812600077019e-03
1.765999999999999515e-02,1.753000000000001779e-02,1.732999999999998431e-02,1.708999999999999408e-02,1.683000000000001162e-02,-7.461000000000000965e-02,1.079400000000000082e-01,1.676999999999997937e-02,1.702000000000003510e-02,-7.073000000000001508e-02,1.060400000000000231e-01,1.833999999999996744e-02,2.957999999999999519e-02,4.692000000000001725e-02,4.958000000000001295e-02,4.853999999999997206e-02,5.027000000000003688e-02,-1.747637064627760584e-02,-9.054177815444153232e-03,-1.517067075897282624e-02,-3.999999999999559464e-04,1.340000000000007851e-02,3.399999999999847589e-03,1.070000000000004281e-02,-3.038999999999991708e-02,4.648999999999992028e-02,4.800000000000026468e-03,1.629999999999998117e-02,8.199999999999985079e-03,6.000000000000005329e-03,6.800000000000028244e-03,1.169999999999993268e-02,4.639999999999977476e-03,5.460000000000020393e-03,5.270000000000107931e-03,8.299999999998863842e-04,5.200000000000093436e-03,-4.114019307668925762e-02,2.246139579968475797e-02,2.251531600786405019e-02,-1.212903391523134644e-05,8.244322570568618502e-04,1.788347596250794425e-03,2.391159914875595760e-03,2.297212367933232358e-03,1.542550801991171561e-03,5.589236679296449850e-04,-5.212991130887356661e-05,7.851003685356294781e-04,-7.700000000000484235e-04,3.070000000000017160e-03,2.700000000000035705e-03,1.410000000000022347e-03,5.199999999999649347e-04,7.000000000001449507e-05,0.000000000000000000e+00,-1.000000082740370999e-11,2.628008921590208047e-12,3.721578600845987239e-12,3.640643342350813327e-12,1.095000000000012630e-02,1.080000000000003180e-02,-3.299999999999969624e-03,1.099999999999999867e-01,-7.561000000000017707e-02,9.950000000000125411e-03,9.939999999999837854e-03,1.272000000000006459e-02,7.629999999999914628e-03,1.070000000000004281e-02,2.067000000000007720e-02,2.520000000000077733e-03,4.799999999999249312e-04,2.331000000000005290e-02,-7.510000000000016662e-03,3.238999999999991886e-02,6.810000000000093756e-03,5.863958202563246402e-04,8.731378582851445636e-03,8.541957709965797285e-03
8.000000000008000711e-05,9.999999999954489738e-06,0.000000000000000000e+00,2.999999999997449152e-05,-2.099999999999324629e-04,7.000000000001449507e-05,-2.000000000002000178e-05,3.999999999992898125e-05,6.000000000006000533e-05,-4.999999999999449329e-05,-2.840309866125600990e-05,-3.334528609355569273e-05,-8.296813498787081187e-06,9.381861325929996553e-06,6.866622975221226000e-06,-7.020602562968214500e-06,-1.571091008623071161e-05,-1.221876827994794468e-05,-2.996507164620965113e-06,1.659060497427589098e-06,6.000000000006000533e-05,2.000000000002000178e-05,0.000000000000000000e+00,3.999999999992898125e-05,-3.699999999999814548e-04,5.999999999994898303e-05,1.500000000000945022e-04,-1.100000000000544986e-04,3.699999999999814548e-04,-1.099999999999434763e-04,-7.792606185719197498e-05,-1.147895233157836259e-04,-3.202398699542197136e-05,6.028905490718106108e-05,7.904522472734765159e-05,2.046817016065904937e-05,-4.828210255436449216e-05,-6.234875755906088557e-05,-1.793736987454330745e-05,3.584705043957470139e-05,2.589999999999981206e-03,9.100000000000774136e-04,2.019999999999910756e-03,3.200000000000979838e-04,-7.200000000000539302e-04,-2.499999999999724665e-04,2.400000000000179767e-04,6.699999999999484146e-04,1.920000000000032792e-03,-5.700000000000704503e-04,6.167559266838651411e-04,2.864425604933718006e-04,7.429199928655760843e-04,1.066981345649087309e-03,9.700976543512984662e-04,5.766145945460543487e-04,2.366821361307058780e-04,1.834292706769380388e-04,3.755534126271831141e-04,6.084073891555741298e-04,1.499999999999834799e-04,-2.000000000002000178e-05,6.000000000006000533e-05,4.000000000004000356e-05,-1.300000000000745004e-04,0.000000000000000000e+00,2.500000000000834888e-04,6.999999999990347277e-05,2.600000000000379785e-04,-9.999999999954489738e-06,-3.786555430285165613e-05,-1.430153359860408813e-05,9.747411633065361514e-06,2.246908049653439932e-04,-5.013154322497381798e-05,-1.878596380679997679e-04,2.598370218441781176e-04,1.161028386982287941e-04,-8.859882717926481632e-05,3.860067753647111743e-05
1.000000000000000888e-03,5.600000000000049383e-04,9.200000000000319034e-04,1.290000000000013358e-03,1.340000000000007851e-03,1.729999999999898286e-03,1.530000000000031335e-03,1.020000000000020890e-03,-6.700000000000594369e-04,4.600000000000159517e-04,-6.179999999999963300e-03,-9.999999999998898659e-05,-1.200000000000089884e-04,4.100000000000214584e-04,2.799999999999469580e-04,3.400000000000069633e-04,5.899999999999794298e-04,5.700000000000704503e-04,-3.600000000000269651e-04,2.106524474845161699e-03,-4.000000000004000356e-05,-5.220000000000002416e-03,-5.300000000000304468e-04,-6.460000000000021281e-03,-6.419999999999981277e-03,3.940000000000054570e-03,-5.090000000000038938e-03,8.510000000000017550e-03,1.102999999999998426e-02,4.920000000000035456e-03,4.610000000000002984e-03,6.849999999999911715e-03,1.320000000000098872e-03,2.869999999999928164e-03,-4.649999999999931966e-03,2.129999999999965254e-03,1.159999999999938858e-03,-3.259999999999929621e-03,-1.759999999999983800e-03,-4.072688155334347471e-04,-5.299999999999971401e-03,4.999999999999449329e-04,-1.299999999999967848e-03,7.000000000000339284e-04,9.999999999998898659e-05,2.099999999999990763e-03,9.000000000000119016e-04,-1.099999999999989875e-03,-3.500000000000058620e-03,4.400000000000070521e-03,2.000000000000001776e-03,9.999999999998898659e-05,-7.000000000000339284e-04,2.299999999999968736e-03,-2.199999999999979750e-03,-3.399999999999958611e-03,2.999999999999669598e-04,6.000000000000449418e-04,2.599999999999269562e-04,1.815136781517234787e-03,2.000000000002000178e-05,6.599999999999939249e-04,1.049999999999995381e-03,-2.599999999999269562e-04,-2.420000000000088747e-03,-2.569999999999961204e-03,6.179999999999963300e-03,-2.859999999999973674e-03,-1.379999999999936833e-03,2.529999999999921201e-03,1.300000000000745004e-04,8.799999999999918998e-04,7.000000000001449507e-05,-1.030000000000086402e-03,5.319999999999991402e-03,3.600000000000047606e-03,1.560000000000005826e-03,2.140000000000030767e-03,1.879999999999992788e-03,-3.087676716684306655e-05
2.000000000000003077e-04,-3.999999999999999650e-04,0.000000000000000000e+00,-2.000000000000001993e-04,-9.999999999999993703e-05,9.999999999999993703e-05,2.000000000000001993e-04,-1.000000000000001539e-04,-1.999999999999999825e-04,9.999999999999993703e-05,-9.999999999999993703e-05,1.999999999999999825e-04,-1.000000000000000454e-04,1.000000000000000454e-04,-1.000000000000000454e-04,0.000000000000000000e+00,0.000000000000000000e+00,0.000000000000000000e+00,6.784192735197929532e-05,-5.750944812301403246e-05,0.000000000000000000e+00,0.000000000000000000e+00,0.000000000000000000e+00,0.000000000000000000e+00,1.000000000000000183e-04,0.000000000000000000e+00,0.000000000000000000e+00,0.000000000000000000e+00,1.999999999999999825e-04,1.000000000000000454e-04,1.999999999999999825e-04,0.000000000000000000e+00,2.999999999999998111e-04,2.000000000000003077e-04,5.000000000000002272e-04,9.999999999999995871e-04,2.699999999999999709e-03,4.599999999999999922e-03,4.597968454763399701e-03,2.608843040287522896e-03,-8.000000000000003636e-04,1.200000000000000545e-03,1.100000000000001150e-03,1.099999999999998548e-03,1.299999999999999073e-03,2.800000000000000405e-03,2.100000000000001171e-03,7.499999999999997988e-03,6.800000000000007427e-03,1.099999999999999589e-02,8.599999999999996536e-03,1.300000000000002542e-03,3.300000000000004319e-03,5.199999999999996292e-03,3.400000000000000244e-03,5.100000000000007305e-03,4.899999999999987699e-03,3.400000000000000244e-03,5.814624371029072925e-03,3.533213307785804114e-03,0.000000000000000000e+00,9.999999999999999124e-05,-9.999999999999999124e-05,0.000000000000000000e+00,9.999999999999999124e-05,0.000000000000000000e+00,1.000000000000000454e-04,0.000000000000000000e+00,0.000000000000000000e+00,9.999999999999993703e-05,2.000000000000001993e-04,0.000000000000000000e+00,0.000000000000000000e+00,9.999999999999982861e-05,3.999999999999999650e-04,2.000000000000000909e-04,2.000000000000003077e-04,2.999999999999999195e-04,1.203578162552337329e-04,1.047441773079750907e-04
6.899999999999996414e-04,4.180000000000001423e-03,5.199999999999996292e-04,1.339999999999999178e-03,2.079999999999998517e-03,3.800000000000018641e-04,3.700000000000022715e-04,-6.410000000000000767e-03,4.599999999999998188e-03,-3.299999999999999115e-03,7.199999999999999803e-03,1.500000000000000291e-02,1.599999999999999339e-02,1.400000000000000550e-02,1.399999999999999856e-02,1.702000000000000735e-02,1.606999999999998707e-02,5.602088079062650383e-03,2.388074622978547668e-03,-2.124801685989774480e-03,1.093000000000000048e-02,1.150000000000001715e-03,2.529999999999997529e-03,2.130000000000003418e-03,1.001999999999999419e-02,1.163000000000000145e-02,1.021000000000000379e-02,2.131000000000000255e-02,-9.970000000000006635e-03,4.000000000000000777e-02,1.360000000000000098e-02,2.239999999999998936e-02,4.200000000000009281e-03,2.199999999999999178e-02,4.835999999999998633e-02,3.470999999999999086e-02,6.845000000000006635e-02,7.612999999999997547e-02,6.110360284986487978e-02,5.872241174309472678e-02,5.311000000000001831e-02,5.641999999999997017e-02,2.633000000000002006e-02,7.280999999999998584e-02,6.376999999999999336e-02,3.009000000000006114e-02,4.061999999999998945e-02,9.999999999998898659e-04,1.000000000000000888e-03,4.000000000000114575e-03,4.699999999999993072e-02,4.799999999999993161e-02,-8.741999999999994220e-02,6.606999999999996209e-02,7.399000000000000021e-02,7.723999999999997534e-02,1.352000000000008750e-02,1.061000000000011934e-02,2.011082930650898160e-02,1.411959170360033156e-02,5.419999999999997736e-03,1.807999999999999885e-02,5.260000000000007725e-03,3.859999999999995379e-03,1.539999999999985825e-03,3.430000000000016369e-03,2.290000000000000369e-03,2.499999999999995282e-03,2.779999999999999832e-02,1.600000000000000033e-01,3.999999999999998002e-02,7.235000000000002540e-02,1.186399999999999677e-01,1.501000000000002332e-02,-1.360000000000000098e-01,1.950000000000000622e-01,4.554999999999997939e-02,-2.419758645197744862e-02,-2.822668680742868030e-02,-4.786843855308697826e-02
2.014842528166471691e-03,1.971701131305569898e-03,1.839841174419432068e-03,1.770771949692329095e-03,1.941089447031696391e-03,1.625348257247527517e-03,1.936504914677006362e-03,1.397737928119402451e-02,-8.473553059655136721e-03,-4.370541003579353490e-02,5.314101685264011055e-02,1.885898314735989789e-02,-1.885894678557697990e-02,2.510894678557701321e-02,-2.510891076550836321e-02,4.885891076550830103e-02,-4.885887508900116361e-02,-3.914112491099883129e-02,4.486434422029203506e-02,3.668763550523829187e-02,1.208974264336887261e-02,1.109453169571400499e-02,-1.523474980193562089e-03,2.973370935829217077e-02,-1.986412775696722033e-03,-3.730632061192062920e-03,5.725793669169826350e-02,-3.102320460776980537e-02,3.401632700030982059e-02,5.563756675965425558e-03,2.243425363815476636e-02,-2.343425363815476725e-02,3.617123955514939260e-02,5.907876044485049771e-02,-4.644833211209131729e-02,-2.205166788790868804e-02,3.437176883464665433e-02,2.812823116535334567e-02,4.531615971635671869e-02,-5.612506936311550954e-02,-8.018545265034093816e-03,-7.290556685080051835e-03,-6.571847075049541687e-03,-6.277033521787656056e-03,-6.326068786680072442e-03,-6.760462468335393105e-03,-8.162684507378670240e-03,-1.052083566085304511e-02,-1.238360036995633795e-02,-1.177711261978697799e-02,-4.601731241348772095e-03,-1.364826875865121636e-02,2.877842508624994800e-03,2.962215749137497856e-02,-4.089114413174210760e-02,1.314114413174205520e-02,-2.481619843542215431e-02,-5.043380156457777375e-02,6.810961358862610560e-03,1.147154930333926792e-02,-1.926802061129273547e-03,-8.505243498492409682e-03,5.184103469172418599e-03,1.831205435281618721e-02,-1.010710658144858831e-02,-1.184182653358839543e-02,2.753423138711463825e-03,-7.751635042360649486e-04,3.937514222845162060e-03,-2.048057951352266759e-02,2.023799915962187779e-02,3.826200084037811866e-02,-3.826197480327853118e-02,-1.223802519672145817e-02,1.223805073852302083e-02,-2.473805073852292091e-02,2.473807578740677693e-02,1.926192421259309562e-02,-8.357913288967067089e-03,1.362471748457916298e-02
3.826287221634733725e-04,3.825700787113825636e-04,3.821908654774762784e-04,3.834259699971840924e-04,3.807788313569279801e-04,3.855184941973489009e-04,3.778641293528607788e-04,3.894927984807372220e-04,3.724051520584310826e-04,3.970771698550657966e-04,3.619670992849760051e-04,4.108490752071760135e-04,3.451203724990211871e-04,4.293203038806632163e-04,3.273224517555276339e-04,2.975999999999998612e-03,2.180000000000003116e-03,2.948029859661567206e-03,2.271347395326086052e-03,2.811109523734717924e-03,6.372563237899142585e-04,-5.022915450181692464e-03,1.462085506111841966e-02,-3.603276939404253046e-03,-2.502622377833649270e-03,1.532505928087633112e-02,-7.249877299521114565e-03,2.195896641979156599e-03,1.229946831051509371e-02,-8.054249819025499635e-03,6.780721187620596113e-03,6.736352125695024839e-03,-5.393361490185662188e-03,8.946135535220639534e-03,1.491664913891237176e-03,-7.757000000000000006e-03,6.192700000000000288e-02,-8.634000000000016661e-03,1.708996816211515168e-02,4.839558656509546086e-02,1.527762406019599062e-02,-1.442377739807146342e-02,1.879327016367854375e-02,1.111779892654863461e-02,-1.228481640588269946e-02,2.034372583783353866e-02,6.152367661218183237e-03,-6.827175577330896195e-03,1.859286257012118804e-02,2.096783782335888413e-03,4.895790764265495199e-04,1.379849975925853678e-02,2.520999538707241472e-04,7.490771026050613290e-03,7.556817822314182420e-03,1.284000000000007358e-03,2.036200000000000510e-02,3.355999999999997874e-03,3.758946640752602875e-03,2.035459266985759075e-02,2.800727985410130915e-03,2.723178888495478723e-03,2.758545386023053200e-03,2.804446502769935429e-03,2.683541389042897948e-03,2.807379106919836304e-03,2.784545971224669514e-03,2.659157290595390299e-03,2.856954027381761879e-03,2.741904490033426900e-03,2.675706188377723060e-03,2.870435698054590867e-03,2.698558052921837258e-03,2.740066150221480423e-03,2.819127768259425959e-03,1.315099999999999603e-02,1.383799999999998920e-02,1.292741768695841731e-02,1.302157886777968732e-02,1.382841386858346677e-02
0.000000000000000000e+00,0.000000000000000000e+00,0.000000000000000000e+00,0.000000000000000000e+00,-1.614999999999999769e-02,-1.615999999999984116e-02,-1.616000000000006320e-02,-1.614999999999988667e-02,-1.616000000000006320e-02,-1.616000000000006320e-02,-1.616000000000006320e-02,-1.614999999999999769e-02,-1.615999999999995218e-02,-1.615999999999995218e-02,-1.614999999999999769e-02,-1.615999999999995218e-02,-1.616000000000006320e-02,-1.408192598049062827e-02,-1.233196088386945277e-02,-1.104986225864845739e-02,-9.940000000000004388e-03,-9.940000000000004388e-03,-9.929999999999994387e-03,-9.940000000000004388e-03,-9.939999999999948876e-03,-9.929999999999994387e-03,-9.940000000000004388e-03,-9.940000000000004388e-03,-9.929999999999994387e-03,-9.940000000000004388e-03,-9.930000000000049898e-03,-9.939999999999948876e-03,-9.940000000000004388e-03,-9.929999999999994387e-03,-9.940000000000032143e-03,-9.939999999999976632e-03,-9.930000000000022142e-03,-9.939917057634695130e-03,-9.938409316998630949e-03,-9.931353691146727058e-03,0.000000000000000000e+00,2.800000000000579803e-04,2.799999999999469580e-04,2.799999999999469580e-04,2.800000000000579803e-04,2.799999999999469580e-04,2.800000000001690026e-04,2.799999999998359357e-04,2.800000000000579803e-04,2.799999999999469580e-04,2.800000000000579803e-04,2.800000000000579803e-04,2.799999999999469580e-04,2.899999999999014477e-04,2.800000000000579803e-04,2.800000000000579803e-04,2.799999999999469580e-04,-2.898272803524282182e-04,1.487581526432579793e-04,-1.481314438788183807e-04,-1.311000000000006604e-02,-1.310999999999984400e-02,-1.311000000000006604e-02,-1.310999999999995502e-02,-1.312000000000002053e-02,-1.311000000000006604e-02,-1.310999999999995502e-02,-1.311000000000006604e-02,-1.310999999999995502e-02,-1.310999999999995502e-02,-1.311000000000006604e-02,-1.310999999999995502e-02,-1.311000000000006604e-02,-1.310999999999995502e-02,-1.312000000000002053e-02,-1.310999999999995502e-02,-1.311000000000001053e-02,-1.311526274667540459e-02,-7.565108484534732725e-03,-5.167436478662301713e-03
3.373551357358506309e-04,5.953325924750174636e-04,6.548658517223637787e-04,5.159549134784446878e-04,1.587553579933675962e-04,-2.579774567391668327e-04,-5.655659628512887949e-04,-8.433878393395710660e-04,-1.121209715827853337e-03,-1.349420542943402523e-03,-5.735037307509127658e-03,9.049055405619954584e-03,6.489125257977512717e-03,7.024924591204850799e-03,-1.686775678678698043e-04,6.419669788855442150e-03,3.185029369741187999e-03,-3.822206681595718969e-03,-3.795319249402240303e-03,-4.196782852348590609e-03,-1.180742975075310675e-03,-2.609541197015396996e-03,-3.075885061120775532e-03,-2.530163518018824220e-03,-1.021987617082054101e-03,3.075885061121219621e-04,8.533100492141842963e-04,1.448642641689090738e-03,2.103508493411676561e-03,2.807985394507106491e-03,1.180742975075421697e-03,-1.190665184950034927e-03,1.280957294808693359e-02,4.207016986823353122e-03,-1.835608826797896498e-03,2.540085727893326428e-03,-1.180742975075421697e-03,1.007925682464216877e-03,-9.844143667940841169e-04,-8.698588190944045451e-04,-2.073741863787725848e-03,-3.294173678361822510e-03,-3.552151135100767299e-03,-2.837752024130835160e-03,-1.160898555326195236e-03,2.282108271154381640e-04,7.739323702173894759e-04,1.438720431814699552e-03,2.212652802032089028e-03,3.125496110493619639e-03,-6.042625813621138597e-03,2.083664073662117033e-04,1.615335767582160020e-02,6.260914430861963531e-03,-5.139704715034110194e-03,1.676853468804584413e-02,-2.827829814256332952e-03,-1.442816445222816490e-03,-5.195790398976662949e-03,-5.033503613822598588e-03,-7.937767899666159366e-04,-1.279965073821220933e-03,-1.498253691062045867e-03,-1.438720431814588530e-03,-1.091443086204124668e-03,-1.021987617082165123e-03,-1.389109382441633400e-03,-1.637164629306187003e-03,-1.785997777425052391e-03,-1.835608826797896498e-03,8.304889665026293777e-03,2.034053024289494971e-03,1.323622797269408125e-02,9.485632640101493429e-03,6.727258294967564112e-03,1.344459438006029295e-02,1.557786950309614227e-03,6.572871302134020155e-04,-3.768703117601024388e-03,-6.307701421139455533e-03
0.000000000000000000e+00,9.999999999954489738e-06,-4.000000000004000356e-05,-1.200000000000089884e-04,-5.999999999994898303e-05,-1.100000000000544986e-04,-8.999999999992347455e-05,2.000000000002000178e-05,-9.000000000003449685e-05,-1.200000000000089884e-04,-2.600000000000379785e-04,-1.399999999999179678e-04,2.999999999997449152e-05,3.999999999992898125e-05,3.000000000008551382e-05,-1.916349374831982644e-04,-2.263527367367679233e-04,-1.152586264830945950e-04,3.224711018268155982e-05,4.996074782048776086e-05,5.999999999994898303e-05,0.000000000000000000e+00,-7.000000000001449507e-05,-2.599999999999269562e-04,-1.300000000000745004e-04,-7.999999999996898481e-05,-9.000000000003449685e-05,3.000000000008551382e-05,9.999999999954489738e-06,-2.900000000000124700e-04,-1.799999999999579714e-04,-9.000000000003449685e-05,-9.999999999954489738e-06,1.400000000000289901e-04,1.999999999990897948e-05,-2.132862602427509913e-04,-2.449072787855666178e-04,-1.531823259119935443e-04,1.309528344761723417e-06,6.423948337075380266e-05,9.199999999999208811e-04,3.000000000008551382e-05,9.999999999998898659e-05,-1.099999999999989875e-03,-3.100000000000324718e-04,-6.700000000000594369e-04,-3.799999999999359446e-04,1.499999999999834799e-04,9.000000000000119016e-04,-9.000000000000119016e-04,-2.100000000000434852e-04,-7.199999999999429079e-04,-4.000000000004000356e-05,5.100000000000104450e-04,1.100000000000544986e-04,1.616611947847790276e-04,-5.643409900780715915e-04,-8.030047322271638421e-04,-6.173581844696185428e-04,-2.482490998567676854e-04,7.000000000001449507e-05,-6.000000000006000533e-05,-2.999999999997449152e-05,-1.499999999999834799e-04,-5.999999999994898303e-05,-1.000000000001000089e-04,-3.999999999992898125e-05,2.999999999997449152e-05,2.100000000000434852e-04,-2.000000000000889955e-04,-2.999999999997449152e-05,-9.999999999998898659e-05,0.000000000000000000e+00,1.100000000000544986e-04,2.999999999997449152e-05,-7.242015619757236067e-05,-1.458669314806648742e-04,-1.114297964737165358e-04,-2.579079859987842838e-05,3.107212647601720334e-05
-5.500000000000504485e-04,-4.199999999999759481e-04,-5.600000000000049383e-04,-8.200000000000429168e-04,-2.999999999999669598e-04,4.999999999999449329e-05,-2.049999999999996270e-03,1.709999999999989306e-03,6.099999999999994316e-04,9.299999999999863931e-04,-6.099999999999994316e-04,4.800000000000359535e-04,-1.519999999999965823e-03,-1.000000000006551204e-05,-1.700000000000034817e-04,-9.000000000000119016e-04,-7.999999999996898481e-05,-1.565418442983634861e-06,-2.268444090366417143e-04,-2.641284382117747853e-04,-1.240000000000018865e-03,-2.900000000000124700e-04,-2.699999999999924682e-04,-8.099999999999774047e-04,1.999999999990897948e-05,6.000000000006000533e-05,-1.110000000000055387e-03,-1.449999999999951328e-03,-1.079999999999969873e-03,1.029999999999975380e-03,-6.790000000000073754e-03,-8.899999999999463896e-04,6.240000000000023306e-03,1.299999999999967848e-03,-1.299999999999634781e-04,1.999999999999779732e-04,-4.800000000000359535e-04,-1.883110813601374112e-03,-2.179757422424599689e-03,8.479846566877835556e-05,-2.669999999999950191e-03,1.950000000000007283e-03,-8.269999999999999574e-03,-1.200000000000089884e-03,-2.689999999999970193e-03,3.940000000000054570e-03,-4.810000000000091980e-03,-5.739999999999967351e-03,3.090000000000037161e-03,-5.950000000000010836e-03,7.899999999999574030e-04,1.739999999999963798e-03,-5.129999999999967919e-03,-9.899999999999353761e-04,-2.590000000000092228e-03,2.380000000000048743e-03,7.300000000000084199e-04,-5.440638678322784472e-03,-3.553246093384809789e-03,-1.923810015206361967e-03,2.300000000000634870e-04,3.599999999999159428e-04,1.700000000000034817e-04,-1.499999999999834799e-04,1.999999999999779732e-04,7.500000000000284217e-04,-3.199999999999869615e-04,-6.000000000000449418e-04,3.400000000000069633e-04,-6.199999999999539213e-04,7.999999999996898481e-05,-2.999999999999669598e-04,-5.000000000000559552e-04,-3.799999999999359446e-04,-7.200000000000539302e-04,-8.099999999999774047e-04,-5.999999999999339195e-04,-8.094667271574262912e-04,8.548329205937399422e-05,4.737939378052224981e-06
7.638203183527481066e-03,5.817285275977690517e-03,4.746681834170374259e-03,5.912621909918480689e-03,8.835527941647769445e-03,1.105617945273518199e-02,1.048190869947551729e-02,7.570318080372562264e-03,4.676043888840131224e-03,3.498601929759925788e-03,4.051943975386440577e-03,2.804984706141322448e-03,1.179999999999992166e-02,1.770000000000004903e-02,4.899999999999904432e-03,1.700000000000012612e-02,-9.000000000001229239e-04,1.000000000001000089e-04,-1.200000000000089884e-03,1.190690154400453338e-02,4.601065381545366151e-04,2.973058148491580788e-03,4.396515408963352911e-03,2.647575315317673983e-03,-1.136914338284444881e-04,-2.245551058285277790e-04,2.349403952404460760e-03,3.959704580929090945e-03,2.532718514024034917e-03,4.296623198657423259e-04,7.129442067754787615e-04,2.609949392417099112e-03,4.399999999999959499e-03,2.299999999999968736e-03,1.000000000000111910e-03,9.999999999998898659e-04,2.199999999999979750e-03,4.300000000000081535e-03,3.799999999999914557e-03,2.282301837732481076e-03,-4.571136508942585941e-03,-1.058757232388563008e-02,-5.315366299721291377e-03,9.252155739302492243e-03,1.220651948014694899e-02,-7.936152827236031548e-03,-2.795451170444829270e-02,-1.368482173833018845e-02,2.334057753592644335e-02,2.560898778916143037e-02,-1.963422251102653338e-02,-4.016483989171659719e-02,3.599999999999936584e-03,4.020000000000012452e-02,5.199999999999871392e-03,-3.299999999999991829e-02,-1.900000000000001688e-02,-3.999999999999559464e-04,7.999999999999118927e-04,1.794660195141095649e-02,4.982163967141295391e-03,1.593752101165191171e-03,3.334217153235230491e-04,3.691529322356279508e-03,7.312152091854096092e-03,4.699175494247698204e-03,-2.756418917507164057e-03,-5.106745069589524455e-03,3.323121887356617066e-03,1.406935204386333682e-02,1.353160141985221276e-02,5.360829263320598947e-03,-1.879999999999992788e-02,3.800000000000025580e-03,-5.700000000000038369e-03,2.310000000000000941e-02,9.000000000000119016e-04,6.999999999999229061e-04,5.300000000000082423e-03,6.841645284973996155e-04
0.000000000000000000e+00,4.020000000000002738e-03,0.000000000000000000e+00,0.000000000000000000e+00,0.000000000000000000e+00,0.000000000000000000e+00,0.000000000000000000e+00,0.000000000000000000e+00,0.000000000000000000e+00,0.000000000000000000e+00,0.000000000000000000e+00,0.000000000000000000e+00,0.000000000000000000e+00,0.000000000000000000e+00,0.000000000000000000e+00,0.000000000000000000e+00,0.000000000000000000e+00,0.000000000000000000e+00,5.557152371060691820e-05,1.200064838647076082e-04,0.000000000000000000e+00,0.000000000000000000e+00,4.979999999999998317e-03,1.320000000000015605e-03,6.650000000000030886e-03,5.909999999999943077e-03,5.159999999999997922e-03,5.460000000000020393e-03,4.513999999999998569e-02,4.000000000000114575e-04,5.780000000000007354e-03,7.039999999999990710e-03,6.149999999999988809e-03,4.700000000000065237e-03,7.179999999999936433e-03,3.599999999999992095e-04,1.122000000000000774e-02,7.140000000000007452e-03,1.485810174571083886e-02,9.947267372082596593e-03,0.000000000000000000e+00,0.000000000000000000e+00,1.700000000000034817e-03,0.000000000000000000e+00,0.000000000000000000e+00,0.000000000000000000e+00,0.000000000000000000e+00,8.999999999999563904e-04,0.000000000000000000e+00,0.000000000000000000e+00,0.000000000000000000e+00,0.000000000000000000e+00,0.000000000000000000e+00,0.000000000000000000e+00,0.000000000000000000e+00,0.000000000000000000e+00,0.000000000000000000e+00,0.000000000000000000e+00,2.963442663066473415e-04,1.304545961602898707e-04,6.020999999999998575e-02,2.700000000001034905e-04,2.978999999999992765e-02,0.000000000000000000e+00,1.200000000000644995e-04,0.000000000000000000e+00,0.000000000000000000e+00,0.000000000000000000e+00,0.000000000000000000e+00,0.000000000000000000e+00,0.000000000000000000e+00,0.000000000000000000e+00,0.000000000000000000e+00,0.000000000000000000e+00,0.000000000000000000e+00,0.000000000000000000e+00,0.000000000000000000e+00,0.000000000000000000e+00,-1.030372225422188093e-02,-3.833939120198526229e-03
-3.199999999999980638e-03,2.399999999999957723e-03,6.000000000000449418e-04,1.190000000000002167e-02,-1.999999999999779732e-04,8.199999999999985079e-03,8.399999999999963052e-03,4.299999999999970512e-03,2.419999999999999929e-02,9.300000000000085976e-03,3.599999999999936584e-03,-3.399999999999958611e-03,-1.359000000000000208e-01,-3.922000000000001041e-01,-9.724592146068644638e-02,-1.102556738253025470e-01,-9.787393719380865775e-02,-7.501667271847073382e-02,-4.695143379785138293e-02,-3.693236284530333237e-03,-7.249999999999978684e-03,6.300000000001304556e-04,1.009999999999844356e-03,-4.439999999999999503e-03,-2.910000000000079190e-03,2.920000000000144702e-03,-3.592999999999990646e-02,-4.688000000000014378e-02,-5.291000000000001258e-02,4.610000000000002984e-03,5.570000000000074891e-03,1.012000000000001787e-02,2.299999999999968736e-03,7.639999999999980140e-03,1.133235884228755985e-03,-2.352731533432106392e-02,-3.964685127353861915e-02,-3.068813639244472036e-02,-1.155221948764384443e-02,-4.789142258216250170e-03,-1.341999999999998749e-02,-5.619999999999958362e-03,5.280000000000062421e-03,9.009999999999962483e-03,2.049999999999996270e-03,-1.615000000000010871e-02,-4.875999999999980350e-02,-4.273000000000015675e-02,-3.633999999999992792e-02,-1.358000000000003649e-02,-7.029999999999980709e-03,5.159999999999942411e-03,1.409000000000004693e-02,7.700000000000484235e-04,-1.146394725534582992e-02,-2.636351333720854395e-02,-2.719836849739243334e-02,-1.887040021292385461e-02,-1.261614332637350788e-02,-1.357307187616796362e-02,-6.199999999999983302e-03,-3.099999999999991651e-03,-2.639999999999997904e-02,6.199999999999983302e-03,-6.299999999999972289e-03,2.069999999999994067e-02,7.200000000000095213e-03,1.949999999999996181e-02,4.700000000000037481e-03,-3.770000000000006679e-02,-7.040000000000001812e-02,-1.188000000000000167e-01,-6.299999999999972289e-03,1.319999999999998952e-02,3.141407909091842310e-02,3.757911350413523088e-02,5.300675633342244453e-03,-3.460111916711028357e-02,-5.639264606395288926e-02,-4.837341894582269930e-02
3.009999999999957154e-03,8.730000000000015525e-03,1.009999999999955378e-03,5.899999999999794298e-04,4.899999999999904432e-04,2.350000000000074252e-03,4.699999999999704414e-04,4.000000000004000356e-05,2.599999999999269562e-04,-3.950000000000009059e-03,2.269999999999994245e-03,9.000000000000119016e-04,-2.749999999999919176e-03,9.799999999999808864e-04,1.424902545440476231e-04,1.387951167893475279e-03,1.643937266709638578e-03,1.234869622458001359e-03,7.276312633112125283e-04,4.992375932512116421e-04,-1.046999999999997932e-02,1.209999999999999964e-02,-1.056000000000012484e-02,1.939000000000001833e-02,8.799999999999918998e-04,1.339000000000012403e-02,4.729999999999900950e-03,7.580000000000031157e-03,-7.599999999999829114e-04,-7.110000000000060716e-03,-1.739999999999963798e-03,5.999999999994898303e-05,5.560000000000120401e-03,-6.960000000000077236e-03,9.350987021930934340e-03,6.802049544655242030e-03,7.525489031079746205e-03,6.237874137131060870e-03,3.486573412059601473e-03,8.327618594645702643e-04,7.479999999999986660e-03,-1.772999999999996801e-02,1.230000000000008864e-03,3.629999999999966587e-03,4.330000000000000515e-02,1.635000000000008669e-02,-1.120000000000009877e-03,1.067999999999991179e-02,-2.470000000000005524e-02,1.300000000000078870e-03,7.349999999999967670e-03,2.800000000000024691e-03,-6.099999999999994316e-04,-1.669999999999949303e-03,8.622410162336113792e-03,1.529282975194257155e-02,1.772393205333611110e-02,1.068936735990333453e-02,-3.645034675792135914e-04,-6.976923763431619463e-03,6.740000000000190283e-03,-1.278000000000012459e-02,2.939999999999942659e-03,4.850000000000020961e-03,-7.800000000000029132e-04,4.210000000000047038e-03,-7.200000000000539302e-04,-8.599999999999718980e-04,-1.250000000000084377e-03,-9.799999999998698641e-04,5.676999999999998714e-02,3.199999999999980638e-03,1.249999999999973355e-03,2.090000000000036273e-03,-1.872532715804586800e-02,-1.154546751744034427e-02,2.137339039149810382e-03,1.418487008914159908e-02,1.764617516181443690e-02,1.333180127477273658e-02
0.000000000000000000e+00,2.119999999999996887e-03,1.909999999999995035e-03,0.000000000000000000e+00,0.000000000000000000e+00,1.999999999999224620e-05,0.000000000000000000e+00,0.000000000000000000e+00,0.000000000000000000e+00,0.000000000000000000e+00,0.000000000000000000e+00,0.000000000000000000e+00,0.000000000000000000e+00,0.000000000000000000e+00,0.000000000000000000e+00,0.000000000000000000e+00,0.000000000000000000e+00,0.000000000000000000e+00,5.737705147947080864e-05,1.894619416765302988e-04,2.549999999999996714e-03,0.000000000000000000e+00,6.729999999999999871e-03,1.539999999999999702e-02,2.649999999999999578e-03,1.031999999999999584e-02,1.025999999999999135e-02,2.380000000000020988e-03,4.369999999999998885e-02,2.079999999999998517e-03,1.641000000000000791e-02,7.119999999999987450e-03,7.630000000000025651e-03,7.159999999999971942e-03,2.890000000000031433e-03,7.789999999999991376e-03,9.720000000000006413e-03,9.699999999999708855e-04,1.448373582882417354e-02,1.149243503855645887e-02,1.000000000000000888e-03,0.000000000000000000e+00,6.800000000001249489e-04,0.000000000000000000e+00,0.000000000000000000e+00,0.000000000000000000e+00,0.000000000000000000e+00,4.179999999999906013e-03,0.000000000000000000e+00,0.000000000000000000e+00,0.000000000000000000e+00,0.000000000000000000e+00,0.000000000000000000e+00,0.000000000000000000e+00,0.000000000000000000e+00,0.000000000000000000e+00,0.000000000000000000e+00,0.000000000000000000e+00,6.182224686293591454e-04,9.676736084612835853e-04,1.467999999999997085e-02,1.924000000000003485e-02,1.839999999999997193e-02,2.612999999999998657e-02,7.820000000000049134e-03,0.000000000000000000e+00,2.534999999999998366e-02,0.000000000000000000e+00,7.620000000000015650e-03,0.000000000000000000e+00,9.199999999999763922e-04,0.000000000000000000e+00,0.000000000000000000e+00,1.780000000000003801e-03,0.000000000000000000e+00,0.000000000000000000e+00,0.000000000000000000e+00,0.000000000000000000e+00,5.471089178037069622e-03,5.269205089221351557e-03
-4.000000000000003553e-03,-4.000000000000114575e-03,-2.999999999999891642e-03,-3.000000000000002665e-03,-4.000000000000114575e-03,-2.999999999999891642e-03,-3.000000000000002665e-03,-4.000000000000003553e-03,-3.000000000000002665e-03,-2.000000000000001776e-03,-4.000000000000003553e-03,-2.999999999999891642e-03,-4.000000000000114575e-03,-2.000000000000001776e-03,-3.999999999999892530e-03,-4.000000000000114575e-03,-2.999999999999891642e-03,-3.000000000000002665e-03,-4.000000000000114575e-03,-3.208778799847045171e-03,-3.999999999999892530e-03,-5.000000000000004441e-03,-5.000000000000004441e-03,-5.000000000000004441e-03,-4.000000000000003553e-03,-6.000000000000005329e-03,-5.000000000000004441e-03,-4.000000000000003553e-03,-4.000000000000114575e-03,-5.000000000000004441e-03,-5.000000000000004441e-03,-3.999999999999892530e-03,-7.000000000000006217e-03,-4.000000000000114575e-03,-5.000000000000004441e-03,-5.000000000000004441e-03,-5.999999999999894307e-03,-6.000000000000005329e-03,-4.000000000000003553e-03,-5.086903502536488375e-03,-9.000000000000007994e-03,-8.000000000000118128e-03,-7.999999999999896083e-03,-8.000000000000007105e-03,-8.000000000000007105e-03,-8.000000000000118128e-03,-7.999999999999896083e-03,-6.000000000000005329e-03,-9.000000000000007994e-03,-8.999999999999896971e-03,-8.000000000000118128e-03,-8.000000000000007105e-03,-8.999999999999896971e-03,-8.000000000000118128e-03,-7.999999999999896083e-03,-9.000000000000007994e-03,-8.000000000000118128e-03,-8.999999999999896971e-03,-9.000000000000119016e-03,-7.367399311342781587e-03,-4.000000000000003553e-03,-5.000000000000004441e-03,-5.999999999999894307e-03,-5.000000000000004441e-03,-4.000000000000003553e-03,-5.000000000000004441e-03,-4.000000000000003553e-03,-5.000000000000004441e-03,-4.000000000000003553e-03,-4.000000000000114575e-03,-3.999999999999892530e-03,-6.000000000000116351e-03,-3.999999999999892530e-03,-6.000000000000116351e-03,-3.999999999999892530e-03,-4.000000000000003553e-03,-5.000000000000004441e-03,-4.000000000000003553e-03,-5.000000000000004441e-03,-4.744035251611489201e-03
5.901629906794797487e-03,5.849702966751108013e-03,6.472702945333475011e-03,6.929042564797205372e-03,5.728977308703198101e-03,4.702243356101809546e-03,5.991386245374680231e-03,6.317885950524709804e-03,5.661009758738205777e-03,7.991058587505400768e-03,8.692606326524215943e-03,6.862717528953787838e-03,0.000000000000000000e+00,0.000000000000000000e+00,0.000000000000000000e+00,3.000000000000002665e-02,9.999999999999953371e-03,-9.999999999999953371e-03,0.000000000000000000e+00,1.692039404482748033e-02,1.159833868008977587e-02,1.297321165437784196e-02,1.054395349349679378e-02,8.474817696016073709e-03,1.302866884371858824e-02,1.600344802459102711e-02,9.918792891887073804e-03,5.459232537809499686e-03,1.108635468753826903e-02,1.816150028599355926e-02,1.558067634717735794e-02,7.588059593289508964e-03,0.000000000000000000e+00,2.000000000000001776e-02,1.999999999999996225e-02,1.000000000000000888e-02,0.000000000000000000e+00,1.000000000000000888e-02,2.000000000000001776e-02,1.267700365381624339e-02,-1.058515757711653293e-03,4.838387721692871679e-03,-1.471473202833140093e-03,-1.624346344016946997e-02,2.745618084337153597e-03,3.590370943827447814e-02,-1.759254605137261507e-03,-5.675720578363763202e-02,-4.483153582622134703e-03,5.846340395888699470e-02,4.691050562847798311e-03,-4.053707612970047780e-02,1.000000000000000888e-02,2.000000000000001776e-02,-2.000000000000001776e-02,-1.000000000000000888e-02,-2.000000000000001776e-02,0.000000000000000000e+00,6.000000000000005329e-02,-1.459454659027747958e-03,-1.377235890542505281e-03,-1.370944899612980272e-03,-1.334506351609199282e-03,-1.243020527813831766e-03,-1.114705586536257620e-03,-1.638961830518037566e-03,-1.354281592665873557e-03,2.531684760560815040e-03,-2.395815489750507954e-02,2.041893434230335203e-02,3.326141593006481934e-03,-2.997786858269685384e-02,1.999999999999996225e-02,2.000000000000001776e-02,-3.000000000000002665e-02,0.000000000000000000e+00,-9.999999999999953371e-03,1.999999999999996225e-02,-1.999999999999996225e-02,2.692492177574573597e-02
-4.280728151549229032e-03,-3.919950486554579783e-03,-2.835668470405505737e-03,-1.825874258788218185e-03,-1.575612526670377989e-03,-1.404508811389759693e-03,-4.172160089511489645e-03,-2.730594358951066170e-03,-2.739387893853972855e-03,-2.741944964583353794e-03,-2.738265657697525057e-03,-2.728349965494203389e-03,-2.712197786706838087e-03,-2.689808925936176820e-03,-6.159055063147844677e-03,8.690172500080972640e-04,-2.602962606971459536e-03,-5.284980819506568395e-04,-3.305438214778910755e-03,-4.181752589591414271e-03,1.902022973534922556e-03,1.768268653959959025e-04,5.094443958573169340e-04,2.501659427563307503e-03,4.741568937750462176e-03,6.012618686698334436e-03,6.247769685365112124e-03,5.517119051845043032e-03,5.383163328460227604e-03,5.163050189395335110e-03,4.856757422373902955e-03,4.732592811248159670e-03,3.722824944776825795e-03,3.460071701539391142e-03,4.808053579928084353e-03,3.499252271984554241e-04,1.837346368738224101e-03,7.517184297733958687e-05,2.104219551762431806e-03,4.497218486425036410e-03,-2.921415299223739659e-03,-7.532248292648424659e-03,7.219212023822918489e-03,9.269550110999835724e-03,-5.883363040772970898e-03,-2.219078505850891059e-02,3.189618164734286943e-02,1.444683083988707040e-04,1.441781863569246980e-04,1.438340387629466477e-04,1.434358652012690527e-04,1.368174810778333139e-02,-1.339628318652108518e-02,1.419439086234319802e-04,2.705524425527316978e-02,-2.677308537533606980e-02,1.401982648872035497e-04,-7.982497504935737176e-03,2.286520207215636535e-02,-3.711639018947221480e-03,-1.249924596863083437e-02,-1.192343202393453261e-02,-1.005610515627253232e-02,-7.210979827258046093e-03,-3.866765641962088829e-03,-3.628152589019495444e-03,5.728328515711145208e-03,4.647486346968321413e-03,3.651334458587562892e-03,1.331131391475004477e-03,-5.723937744335216848e-04,-2.568692368172809104e-03,-6.076962655597095697e-03,-8.040204164714737090e-03,-9.864733632176880818e-03,-1.210851374485666376e-02,-1.294188176971999837e-02,-1.386363163474457760e-02,-5.233494854761433501e-03,-4.580144453765977453e-03
6.999999999999229061e-04,-3.999999999999559464e-04,-2.099999999999990763e-03,1.139558324942391287e-03,-5.395583249423463457e-04,9.999999999998898659e-05,1.599999999999934808e-03,-1.099999999999989875e-03,-1.099999999999989875e-03,0.000000000000000000e+00,-3.651952951939652081e-04,2.220149978281460434e-04,2.297576881405971605e-04,-4.426224924791721804e-05,-3.117243238756062240e-04,-3.774515593528704471e-04,-2.686376952824032216e-04,-1.316962929879261779e-04,-6.954911663525908949e-05,-8.455828196041181855e-05,4.203296545379764382e-04,2.180186660094562967e-07,-1.205476732040189347e-04,9.999999999998898659e-05,2.119996672167445695e-05,2.168401397328878488e-07,2.165426770117662159e-07,-2.163334953841911101e-05,1.000000000001000089e-04,9.999999999998898659e-05,-2.000000000000889955e-04,0.000000000000000000e+00,1.000000000001000089e-04,0.000000000000000000e+00,-1.000000000001000089e-04,1.000000000001000089e-04,9.999999999998898659e-05,-8.916178980800104625e-05,-6.112589056861406078e-05,6.799122478062802344e-05,1.999999999999779732e-04,-9.999999999998898659e-05,0.000000000000000000e+00,2.999999999999669598e-04,-3.999999999999559464e-04,1.999999999999779732e-04,-1.999999999999779732e-04,1.999999999999779732e-04,1.999999999999779732e-04,9.999999999998898659e-05,0.000000000000000000e+00,-1.999999999999779732e-04,0.000000000000000000e+00,5.033406168164500372e-05,6.576589432871760010e-05,7.513742631204411992e-05,5.963397198038844493e-05,2.030521605023150045e-05,-1.485509009269136982e-05,-1.469692082212148421e-05,9.999999999998898659e-05,-8.000000000000229150e-04,2.999999999999669598e-04,3.000000000000779821e-04,0.000000000000000000e+00,3.999999999999559464e-04,3.999999999999559464e-04,3.000000000000779821e-04,-3.500000000000058620e-03,7.000000000000339284e-04,2.999999999999669598e-04,9.999999999998898659e-05,-4.999999999999449329e-04,-4.000000000000669687e-04,2.000000000000889955e-04,-1.500000000000056843e-03,2.600000000000046718e-03,-1.490403578591203981e-03,3.870404771399993393e-05,9.965175983994711828e-05
-1.354250796483436048e-03,-1.197178594076975244e-03,-1.283757512511307652e-03,-1.532127794046656000e-03,-9.875346499693682389e-04,-1.094966166820365849e-03,-2.413904206758132887e-03,-2.632135316362749222e-04,1.727949464049860495e-03,-1.014049770576319620e-02,-3.936018410150121660e-03,2.370324682816993267e-02,-6.642661520649961737e-03,-2.409999999999989928e-02,5.999999999999339195e-04,6.253963821357233499e-03,1.146036178642839687e-03,-1.120000000000009877e-02,1.490000000000002434e-02,2.469386007741936062e-03,1.004501515099942566e-02,-1.378080189135721945e-02,-1.215883822744889819e-02,2.189249046444707858e-02,8.108371079451615060e-05,-2.908720558549615642e-02,1.052875426882537990e-02,1.877346814175162582e-02,-2.021337378038912114e-02,-8.211384325124360117e-03,1.296894080508459446e-02,-2.788171523396498763e-03,-1.453493154230933726e-03,-2.600000000000002309e-02,-9.700000000000041922e-03,2.216776919158891523e-02,-4.267769191588888233e-03,2.499999999999946709e-03,2.910000000000001474e-02,-2.909706049261651106e-02,1.012248217251876525e-03,1.047041714835050819e-03,2.822766935290488277e-03,2.111197307292700387e-03,-8.848458964369032564e-03,-2.456125155487876022e-03,4.000509805821939047e-02,9.021363926722925086e-03,-8.755039283199850253e-02,-6.394215138432635115e-03,1.066441436830546374e-01,3.355731618159496499e-03,-4.114498058824600513e-02,-5.600000000000049383e-03,-3.279999999999994031e-02,2.616462547502784730e-02,-2.936462547502782794e-02,-5.199999999999982414e-03,1.067000000000000171e-01,-9.803198197132112490e-02,1.138301986778333941e-04,-3.172040544181520261e-04,1.471044591432102422e-03,-2.627456857308696492e-03,2.446122023823105174e-03,3.689819630942170470e-03,-1.709612413923622398e-02,3.174591697516460087e-02,-3.156918730844093801e-02,8.530485926358077897e-03,2.279684658480884973e-02,-3.129996192910122765e-02,5.266450346911089042e-03,2.500000000000002220e-02,-3.470000000000017515e-02,1.814552779446998443e-02,1.765447220553006957e-02,-1.449999999999995737e-02,-1.380000000000003446e-02,3.469377157263919820e-02
1.977999999999999203e-02,-3.737000000000001432e-02,7.570595326674117720e-03,-5.322472535935207638e-03,-5.367330354063809539e-03,-5.410988476109324097e-03,-5.453449715963287758e-03,-5.494716811027200443e-03,-5.534792422073581131e-03,-5.573679133732384328e-03,-5.611379454393217170e-03,-5.647895816538933689e-03,-5.683230576348591301e-03,1.552933996951144646e-02,-2.333999999999999964e-02,-3.010000000000001563e-02,-1.699999999999757261e-04,1.993000000000000327e-02,6.408517449198958271e-03,-3.736930385143541478e-02,4.324052730890623475e-02,-1.255000000000003335e-02,-1.209999999999988862e-03,1.042999999999999483e-02,-9.027733028258488890e-03,-3.230033274292054557e-03,-3.373517095937500487e-03,2.985128339848805434e-02,-4.680000000000000826e-02,-6.509999999999988018e-03,9.390000000000009450e-03,7.199999999999706635e-04,-4.629999999999967475e-03,-3.879999999999994564e-03,-1.650000000000001465e-02,-4.930000000000003824e-03,-2.949999999999994293e-03,-4.676512254592528339e-02,3.737122827288802407e-04,3.823797399426094590e-02,5.187999999999998169e-02,-8.729999999999987770e-03,3.209999999999990639e-03,-1.145999999999999797e-02,-1.411999999999999367e-02,1.145999999999999797e-02,3.229999999999982885e-03,-2.709999999999990195e-03,1.500000000000001332e-02,-2.818000000000001060e-02,9.009999999999990239e-03,1.070000000000001505e-02,-4.600000000000020739e-03,-1.006999999999999562e-02,-1.324999999999998401e-02,-1.616999999999998994e-02,-9.290000000000020464e-03,2.599999999999824674e-04,-5.183775628987502548e-02,3.051315175212843123e-02,2.380000000000020988e-03,-8.810000000000012266e-03,2.870000000000011431e-03,-2.390000000000003233e-03,5.179999999999990168e-03,1.187999999999997391e-02,-3.559999999999979847e-03,-7.000000000001449507e-05,-1.197000000000000841e-02,-5.789999999999961844e-03,5.879999999999996341e-03,4.559999999999980735e-03,3.909999999999996811e-03,2.430000000000015481e-03,2.720000000000000195e-03,-1.990000000000019531e-03,4.770000000000024221e-03,6.260000000000043308e-03,-7.915610451850102480e-03,-9.485414928599500417e-03
