-1.848560255954478926e-03,8.176324209029917078e-04,-1.293992179168151901e-02,1.478848204763599794e-02,-1.681478848204764898e-02,-3.626022040526144519e-03,2.161393530039107391e-02,2.726626377532884171e-02,4.984002843938853400e-02,4.511198009242803342e-02,-5.485247067188056547e-02,9.242801279772672185e-04,-1.269107714184147806e-02,2.758620689655164049e-02,-2.307145396373969093e-02,-4.098826875222180699e-02,1.475293281194453576e-02,2.748165179059813834e-02,1.817578244189724246e-02,1.849651893892298449e-02,-6.434411660149297330e-03,1.233558478492707833e-02,2.452897262708864101e-03,1.457518663348755794e-03,-6.754354781373095307e-04,-1.315321720582907083e-03,-2.879488091005966144e-03,1.173124777817224906e-03,-1.045147529328122049e-02,-2.324920014219691855e-02,2.637753288304298116e-02,8.176324209029361967e-04,5.687877710629507533e-04,-7.109847138286551349e-03,1.173124777817280417e-03,4.656949875577687248e-03,2.204052612868823147e-03,-4.377987855489429148e-03,-5.209616031969399597e-03,-5.149164900746572293e-03,2.595094205474583748e-02,-1.709918236757910354e-02,1.002488446498401437e-02,-7.323142552435123187e-03,4.728048346960535275e-03,-6.647707074297917740e-03,1.304656949875578065e-02,-5.545680767863478411e-03,1.461073586917881889e-02,-6.541059367223614474e-03,6.043370067543504809e-04,-1.315321720582997289e-03,-1.912548880199075457e-02,2.381798791325986236e-02,-2.499111269107714972e-02,1.560611446853892026e-02,-3.199431212228820431e-04,-5.785059355024602112e-04,5.423041853468597850e-03,-7.104108223298780111e-03,1.876999644507643464e-02,6.185567010309270253e-03,1.293992179168148432e-02,2.808389619623180566e-03,-2.587984358336295476e-02,3.085673658016353099e-02,-4.038393174546748426e-02,1.731247778172768925e-02,3.256309989335229998e-02,-1.318876644152150446e-02,2.346249555634553896e-03,-2.122289370778527445e-02,2.883043014575185914e-02,-1.329541414859581466e-02,2.442232492001423366e-02,-4.283682900817633449e-02,2.922147173835763084e-02,-4.173820731067527656e-03,1.314776554903848704e-03,9.900871437658144425e-03
-6.000000000000005329e-03,-6.000000000000005329e-03,-5.000000000000004441e-03,-3.999999999999892530e-03,-4.000000000000003553e-03,-4.000000000000003553e-03,-4.000000000000003553e-03,-5.000000000000115463e-03,-4.999999999999893419e-03,-6.000000000000005329e-03,-7.000000000000117240e-03,-6.000000000000005329e-03,-6.999999999999895195e-03,-7.000000000000006217e-03,-7.000000000000006217e-03,-6.000000000000005329e-03,-6.119145409478776720e-03,-5.703471634661672063e-03,-5.459049955822692368e-03,-5.255130101726845915e-03,-5.000000000000004441e-03,-6.000000000000005329e-03,-5.000000000000004441e-03,-6.000000000000116351e-03,-5.000000000000004441e-03,-5.999999999999894307e-03,-5.999999999999894307e-03,-6.000000000000116351e-03,-7.000000000000006217e-03,-6.000000000000005329e-03,-5.999999999999894307e-03,-7.000000000000006217e-03,-7.000000000000117240e-03,-5.999999999999894307e-03,-7.000000000000006217e-03,-7.000000000000117240e-03,-6.444006590957007674e-03,-6.538757311405407613e-03,-6.354420524765869160e-03,-6.119790741597963546e-03,-5.000000000000115463e-03,-5.000000000000004441e-03,-5.000000000000004441e-03,-5.000000000000004441e-03,-5.000000000000004441e-03,-5.999999999999894307e-03,-5.000000000000004441e-03,-5.000000000000004441e-03,-6.000000000000116351e-03,-5.000000000000004441e-03,-5.999999999999894307e-03,-6.000000000000005329e-03,-4.999999999999893419e-03,-6.000000000000116351e-03,-6.000000000000005329e-03,-6.000000000000005329e-03,-5.562513968844551293e-03,-5.596054409736206381e-03,-5.388819440725334253e-03,-5.154001030181709631e-03,-4.999999999999893419e-03,-5.000000000000115463e-03,-4.999999999999893419e-03,-5.000000000000115463e-03,-5.000000000000004441e-03,-5.999999999999894307e-03,-6.000000000000116351e-03,-5.000000000000004441e-03,-5.999999999999894307e-03,-6.000000000000005329e-03,-7.000000000000006217e-03,-6.000000000000116351e-03,-6.999999999999895195e-03,-6.000000000000005329e-03,-7.000000000000006217e-03,-6.999999999999895195e-03,-6.340829667082492627e-03,-6.499014889159826502e-03,-6.366736728788624511e-03,-6.209770403170944419e-03
2.836879432624062058e-03,-3.546099290780035940e-03,-1.560283687943264663e-02,-2.127659574468088177e-02,-1.985815602836871197e-02,-1.914893617021279359e-02,-1.773049645390073481e-02,-1.276595744680852906e-02,-1.276595744680852906e-02,-9.929078014184300471e-03,-1.276595744680852906e-02,-1.418439716312058785e-02,-9.929078014184411494e-03,-4.255319148936176354e-03,0.000000000000000000e+00,-1.361019716668243618e-03,-6.789182039032781724e-03,-1.446035217377389381e-02,-2.043632864713298969e-02,-2.126752687554350763e-02,6.382978723404320043e-03,4.255319148936065332e-03,-4.964539007092150236e-03,2.127659574468032666e-03,-4.964539007092150236e-03,-1.418439716312169807e-03,1.418439716312169807e-03,-1.418439716312169807e-03,5.673758865248235139e-03,2.836879432624117570e-03,2.836879432624117570e-03,-4.964539007092150236e-03,-4.964539007092150236e-03,4.255319148936065332e-03,-3.546099290780091451e-03,3.019526352454948714e-03,2.025689828666243919e-03,1.002920451231403831e-03,-2.349440366378185985e-04,-8.694364154276934542e-04,7.092198581560293924e-03,-2.836879432624117570e-03,7.092198581561404147e-04,2.127659574467977155e-03,-5.673758865248235139e-03,1.134751773049647028e-02,7.801418439716378828e-03,5.673758865248179628e-03,7.092198581560293924e-04,-7.092198581560293924e-03,-2.836879432624117570e-03,2.127659574468143688e-03,-1.063829787234049640e-02,4.255319148936176354e-03,-3.546099290780091451e-03,9.831416393479841531e-03,7.257459620041206705e-03,2.907921523412404508e-03,-5.502328590421545762e-04,-1.417072451855461157e-03,2.127659574468088177e-02,-1.914893617021284911e-02,1.418439716312058785e-03,9.219858156028493124e-03,1.631205673758856500e-02,2.765957446808520181e-02,2.836879432624117570e-03,1.489361702127656173e-02,-4.964539007092150236e-03,-4.964539007092261258e-03,1.347517730496461397e-02,-3.546099290780202473e-03,2.482269503546102873e-02,1.418439716312047683e-02,-9.929078014184355983e-03,7.240052429502707998e-03,1.200761461974358957e-02,1.601816794149085732e-02,1.050075124717059216e-02,2.941861108442134221e-03
1.099999999999434763e-04,6.000000000006000533e-05,4.000000000004000356e-05,1.999999999990897948e-05,1.000000000006551204e-05,-2.000000000002000178e-05,-2.999999999997449152e-05,-3.000000000008551382e-05,0.000000000000000000e+00,4.000000000004000356e-05,7.000000000001449507e-05,9.000000000003449685e-05,8.999999999992347455e-05,9.999999999998898659e-05,9.000000000003449685e-05,7.999999999996898481e-05,6.000000000006000533e-05,3.123382625280779479e-05,9.591654885010569842e-06,1.174240548373894910e-05,8.000000000000229150e-04,1.099999999999989875e-03,1.210000000000044373e-03,1.079999999999969873e-03,7.700000000000484235e-04,7.000000000001449507e-05,-5.500000000000504485e-04,-7.500000000000284217e-04,-5.399999999999849365e-04,9.000000000003449685e-05,6.199999999999539213e-04,8.100000000000884270e-04,1.009999999999955378e-03,1.229999999999953353e-03,1.450000000000062350e-03,1.669999999999949303e-03,1.950000000000007283e-03,1.698339592225650563e-03,8.700314371771211697e-04,-8.630960068434223587e-05,4.329999999999945004e-03,3.920000000000034568e-03,3.399999999999958611e-03,2.759999999999984688e-03,1.930000000000098304e-03,1.419999999999976836e-03,1.259999999999927844e-03,1.049999999999995381e-03,7.500000000000284217e-04,3.699999999999814548e-04,1.300000000000745004e-04,7.999999999996898481e-05,2.000000000002000178e-05,-2.999999999997449152e-05,-9.000000000003449685e-05,-1.700000000000034817e-04,-2.999999999999669598e-04,-1.482109356740757278e-04,1.243304111028242787e-04,5.398148247419687351e-04,1.800000000000689937e-04,2.699999999999924682e-04,3.499999999999614531e-04,4.800000000000359535e-04,5.899999999999794298e-04,2.759999999999984688e-03,5.890000000000061853e-03,7.319999999999993179e-03,7.079999999999975202e-03,5.109999999999947917e-03,3.520000000000078622e-03,3.349999999999964118e-03,3.090000000000037161e-03,2.730000000000010196e-03,2.289999999999903224e-03,1.740000000000074820e-03,1.089999999999924363e-03,1.388094773759673828e-03,2.973553108739923623e-03,5.233109559897641816e-03
0.000000000000000000e+00,0.000000000000000000e+00,0.000000000000000000e+00,0.000000000000000000e+00,0.000000000000000000e+00,0.000000000000000000e+00,0.000000000000000000e+00,0.000000000000000000e+00,0.000000000000000000e+00,0.000000000000000000e+00,0.000000000000000000e+00,0.000000000000000000e+00,-6.658900247868970723e-07,6.658900247868970723e-07,-1.000000082740370999e-11,-6.657511828489504069e-07,3.373702160969216379e-07,3.156693101358243325e-07,-5.835152665500942248e-07,9.811627155187352400e-08,2.911938121473589547e-02,2.856225614118923506e-02,2.731836264407494497e-02,2.508197212314910995e-02,2.291802787685082166e-02,1.654172110364715564e-02,1.564591597697884140e-02,1.481236291937404470e-02,1.901595980029358035e-02,1.991541053669720895e-02,2.125298108510509376e-02,2.197016018109831936e-02,2.206735988017882732e-02,2.177812851662697113e-02,1.583020271109791821e-02,1.548786145521641178e-02,1.435449832403445924e-02,1.314654604860154841e-02,1.274644877260400211e-02,1.337627195294044391e-02,0.000000000000000000e+00,9.118325598255982989e-03,1.409840383539040509e-02,1.442270762882480462e-02,9.577830036860635055e-03,-2.172670993318970289e-04,-1.458006596719518821e-02,-2.655325373776473707e-02,-3.576277150775908353e-02,-4.200660000256384308e-02,-4.531247108141833735e-02,-4.578483770329866420e-02,-4.485367906614479150e-02,-4.315278260040500413e-02,-3.986792722619969531e-02,-3.400704061849091353e-02,-2.471249398683827980e-02,-1.210337009835038558e-02,2.334020799108382782e-03,1.600278393007403821e-02,-1.797122735881284683e-03,-1.815413550070577031e-02,2.536514135863554564e-02,-4.427877629673004911e-03,2.078925120267649529e-02,1.797843197564219508e-02,1.770402869867382378e-02,1.707254747129383077e-02,1.608348538170645270e-02,2.537225527000730452e-02,-5.000000000000004441e-03,1.025309224927783980e-02,-1.114952737428465124e-02,2.534786812783884624e-02,-9.496329268788961109e-03,-6.097084786728879102e-03,1.113871963786561281e-02,1.530803849911110959e-03,2.677972596426880791e-03,3.444855018862713614e-03
7.579999999999254001e-04,7.580000000000364224e-04,7.449999999999956657e-04,7.449999999999956657e-04,7.449999999999956657e-04,7.449999999999956657e-04,7.449999999999956657e-04,7.949999999999901590e-04,7.949999999999901590e-04,7.960000000000189146e-04,7.949999999999901590e-04,7.949999999999901590e-04,2.690000000000747349e-04,2.689999999999637126e-04,2.699999999999924682e-04,2.690000000000747349e-04,2.689999999999637126e-04,5.532390496095773713e-04,6.711450512120187284e-04,7.957171736231449799e-04,1.600999999999963563e-03,1.600000000000045830e-03,6.260000000000154330e-04,6.269999999999331664e-04,6.260000000000154330e-04,6.270000000000441887e-04,6.259999999999044107e-04,-1.280999999999976602e-03,-1.282000000000005357e-03,-1.280999999999976602e-03,-1.282000000000005357e-03,-1.280999999999976602e-03,3.880000000000549676e-04,3.879999999999439453e-04,3.880000000000549676e-04,3.879999999999439453e-04,3.879999999999439453e-04,-7.869030555343048405e-04,-1.496794962442815624e-03,-1.600553545375249520e-03,7.150000000000211742e-04,7.160000000000499298e-04,-6.800000000006800605e-05,-6.799999999995698374e-05,-6.899999999998573941e-05,-6.800000000006800605e-05,-6.799999999995698374e-05,-2.320000000000099760e-04,-2.309999999999812204e-04,-2.320000000000099760e-04,-2.309999999999812204e-04,-2.320000000000099760e-04,-4.999999999999449329e-05,-4.999999999999449329e-05,-5.100000000002324896e-05,-4.999999999999449329e-05,-4.999999999999449329e-05,-2.525302729335932028e-04,-3.707288983609835498e-04,-4.131892714066554007e-04,-2.339999999999564650e-04,-2.340000000000674873e-04,6.559999999999899245e-04,6.559999999999899245e-04,6.550000000000721911e-04,6.559999999999899245e-04,6.559999999999899245e-04,-1.809999999999867271e-04,-1.809999999999867271e-04,-1.809999999999867271e-04,-1.810000000000977494e-04,-1.809999999999867271e-04,5.169999999999896900e-04,5.170000000001007123e-04,5.159999999999609344e-04,5.169999999999896900e-04,5.169999999999896900e-04,3.419186142176178222e-04,2.055339473355788371e-04,3.519501773419086987e-05
1.000000000000000888e-03,2.000000000000001776e-03,1.000000000000111910e-03,9.999999999998898659e-04,1.000000000000000888e-03,-1.000000000000000888e-03,0.000000000000000000e+00,0.000000000000000000e+00,2.000000000000001776e-03,3.000000000000002665e-03,2.000000000000001776e-03,2.000000000000112799e-03,9.999999999998898659e-04,2.000000000000001776e-03,1.000000000000000888e-03,1.000000000000111910e-03,1.325155666561217416e-03,6.971995635174366157e-04,-7.057978143598653276e-06,-5.842564632070335051e-04,-2.000000000000112799e-03,0.000000000000000000e+00,-9.999999999998898659e-04,3.999999999999892530e-03,3.000000000000113687e-03,1.000000000000000888e-03,9.999999999998898659e-04,0.000000000000000000e+00,-9.999999999998898659e-04,0.000000000000000000e+00,4.000000000000003553e-03,-2.000000000000001776e-03,8.000000000000007105e-03,-1.000000000000000888e-03,-3.000000000000113687e-03,2.000000000000001776e-03,2.173075809615010456e-04,3.975592852163756241e-03,3.578998096695373832e-03,6.091371092032948908e-04,4.000000000000003553e-03,2.000000000000112799e-03,2.999999999999891642e-03,2.000000000000112799e-03,2.000000000000001776e-03,9.999999999998898659e-04,2.000000000000112799e-03,2.000000000000001776e-03,9.999999999998898659e-04,2.000000000000112799e-03,2.000000000000001776e-03,1.999999999999890754e-03,1.000000000000000888e-03,2.000000000000112799e-03,1.999999999999890754e-03,2.000000000000001776e-03,2.362621714575130483e-03,2.401021915540257901e-03,2.300396562108342202e-03,2.083008077541692593e-03,6.000000000000005329e-03,5.000000000000004441e-03,6.000000000000005329e-03,7.000000000000006217e-03,8.999999999999896971e-03,7.000000000000006217e-03,6.000000000000116351e-03,3.000000000000002665e-03,3.999999999999892530e-03,4.000000000000003553e-03,4.000000000000114575e-03,3.000000000000002665e-03,2.999999999999891642e-03,3.000000000000002665e-03,3.000000000000002665e-03,2.000000000000001776e-03,4.461734809734552165e-03,5.167233508883706250e-03,6.073641113350847220e-03,6.511230872329409891e-03
0.000000000000000000e+00,9.999999999998898659e-05,0.000000000000000000e+00,0.000000000000000000e+00,9.999999999998898659e-05,9.999999999998898659e-05,0.000000000000000000e+00,0.000000000000000000e+00,9.999999999998898659e-05,0.000000000000000000e+00,0.000000000000000000e+00,0.000000000000000000e+00,0.000000000000000000e+00,0.000000000000000000e+00,9.999999999998898659e-05,0.000000000000000000e+00,0.000000000000000000e+00,8.107066010376584586e-05,4.682605982420096069e-05,4.394145746144939579e-05,9.999999999998898659e-05,2.999999999999669598e-04,2.999999999999669598e-04,3.000000000000779821e-04,1.999999999999779732e-04,1.999999999999779732e-04,2.999999999999669598e-04,2.000000000000889955e-04,0.000000000000000000e+00,0.000000000000000000e+00,2.999999999999669598e-04,0.000000000000000000e+00,1.999999999999779732e-04,9.999999999998898659e-05,0.000000000000000000e+00,9.999999999998898659e-05,9.999999999998898659e-05,2.263961189641339189e-04,2.998779199783196958e-04,2.857525075889988386e-04,3.000000000000779821e-04,2.999999999999669598e-04,2.999999999999669598e-04,3.000000000000779821e-04,2.999999999999669598e-04,1.999999999999779732e-04,1.999999999999779732e-04,0.000000000000000000e+00,9.999999999998898659e-05,0.000000000000000000e+00,0.000000000000000000e+00,0.000000000000000000e+00,0.000000000000000000e+00,0.000000000000000000e+00,0.000000000000000000e+00,1.000000000001000089e-04,1.999999999999779732e-04,8.717084447440459627e-05,1.543314556523567305e-04,1.584308843753934326e-04,1.400000000000067857e-03,1.199999999999978861e-03,1.000000000000000888e-03,1.000000000000000888e-03,1.099999999999989875e-03,1.000000000000000888e-03,8.000000000000229150e-04,6.999999999999229061e-04,7.000000000000339284e-04,7.000000000000339284e-04,5.999999999999339195e-04,5.000000000000559552e-04,2.999999999999669598e-04,1.999999999999779732e-04,2.000000000000889955e-04,1.999999999999779732e-04,1.999999999999779732e-04,3.025664940954353455e-04,5.855560784049362866e-04,9.112184497446218501e-04
4.567300538447338631e-03,1.824829531869909260e-03,1.817007121076130716e-03,1.803334034292447541e-03,5.987528774314077040e-03,-2.443785388651198431e-03,1.737694035242043356e-03,1.718590299589095594e-03,1.702621873761245297e-03,2.848791800589278722e-04,3.084499454841571620e-03,1.670023539105613963e-03,1.660588689105679805e-03,1.651285367571975193e-03,1.933602949375057278e-03,1.000000000000000888e-03,-5.981729203103247627e-03,-8.311073091260556822e-04,-4.564016076963328672e-04,7.934249024899031610e-06,-8.309261047131255573e-03,-1.400250268517311270e-03,-1.401759487066556176e-03,-1.401163967727825366e-03,-5.487565229556956581e-03,2.695233935113172663e-03,-1.388211065176392367e-03,-1.381703009371904045e-03,-1.374343391148613591e-03,-7.550976469416381676e-03,4.827459011493173691e-03,-1.349366343646352107e-03,-1.342391279621324429e-03,-1.336460057444810445e-03,-2.799241330780688486e-03,5.000000000000115463e-03,-4.784134911982484972e-03,-2.657612041440327033e-03,-2.914851658636918863e-03,-2.693564559132277658e-03,2.404412767378349969e-03,1.897382540903436166e-03,1.899347813576923727e-03,1.900217540168114283e-03,2.898639337973296648e-03,9.003830593434791751e-04,1.898775768808036446e-03,1.899587318320072882e-03,1.901465325119033878e-03,3.997885284092728142e-04,3.412499086056230979e-03,1.909697787795039403e-03,1.909326784385712017e-03,1.906764801418603383e-03,1.861711540344535010e-03,3.000000000000002665e-03,1.166075322250770263e-03,1.808721550436875880e-03,1.725817428330111980e-03,1.690039502788676096e-03,1.185505135534048460e-02,1.175308332213376161e-02,1.173306319994082969e-02,1.162078941851518721e-02,1.103801270406989943e-02,1.146332281690121135e-02,1.049061489183600315e-02,9.598382814147043973e-03,8.408185542151613845e-03,8.039493934964059285e-03,4.114049978165223997e-03,3.754964135254112989e-03,2.583980562832266514e-03,1.720574462808599492e-03,8.264308609398085537e-04,9.999999999998898659e-04,3.231097351164669007e-03,5.320915647603952081e-03,8.185633195411656793e-03,1.123284538150137735e-02
-5.394056985357109646e-03,1.866648023681183322e-02,7.728232360602049766e-04,-1.795706606948721529e-03,-2.491492501315817343e-02,1.585855452141116118e-02,3.423732467929363477e-02,-4.348039929899938372e-02,-6.000000000000449418e-04,4.350000000000009415e-02,-3.080000000000004956e-02,1.910000000000000586e-02,-1.774125719679164881e-02,-1.805874280320840519e-02,3.176839415995513782e-02,-2.866933042311337054e-02,-9.448151114987535237e-03,4.349142365495251017e-02,-3.311391192090340496e-02,-6.728113888118447683e-03,-1.027928979798220510e-02,1.136092340348000551e-01,-1.270807062344903038e-01,7.857634606106589370e-02,-5.158572499391533839e-02,1.442546231440577920e-03,3.729999999999999982e-02,-9.090000000000003633e-02,4.339999999999993863e-02,-3.969999999999995755e-02,-4.949999999999987743e-02,2.999999999999891642e-03,-6.450000000000000178e-02,1.325999999999999956e-01,-1.219999999999998863e-02,-2.059999999999989617e-02,-6.280000000000007798e-02,7.599999999999995648e-03,-3.444903390719000758e-02,-1.158556930227022663e-02,1.564135962542623215e-02,9.331123170154942414e-03,-5.182130220140468424e-02,-1.097527776070955641e-02,7.818405616577578376e-02,-5.553061150084315223e-02,-5.372535368460695793e-02,7.184990997758144982e-02,-3.081634041735936691e-02,1.059999999999994280e-02,-2.550000000000002265e-02,-4.119999999999995888e-02,7.820000000000004725e-02,-4.819999999999996509e-02,3.679999999999988836e-02,-6.109999999999998765e-02,-3.970000000000001306e-02,6.170000000000003260e-02,-4.259999999999991571e-02,5.615109113220156933e-02,7.189663963194203866e-03,1.169053922339291507e-03,-4.125517036009163085e-03,-7.566618097148314348e-03,-8.421126823958124952e-03,-6.506460463632679492e-03,-2.229597925739956743e-03,3.499449470655724426e-03,9.461316430736332883e-03,-8.651942454025896012e-03,6.599999999999994760e-02,-8.899999999999963496e-03,1.879999999999998339e-02,1.800000000000023803e-03,6.000000000000449418e-04,2.199999999999990852e-02,-7.399999999999962164e-03,-4.149999999999998135e-02,1.600000000000001421e-02,-9.304051926792011873e-03
9.999999999998898659e-05,2.999999999999669598e-04,2.999999999999669598e-04,5.000000000000559552e-04,-9.999999999998898659e-05,4.999999999999449329e-04,0.000000000000000000e+00,-6.999999999999229061e-04,1.999999999999779732e-04,6.999999999999229061e-04,5.000000000000559552e-04,-7.000000000000339284e-04,8.000000000000229150e-04,8.000000000000229150e-04,-1.999999999999779732e-04,1.999999999999779732e-04,-2.999999999999669598e-04,-6.000000000000449418e-04,7.996132828276270033e-04,7.711196031837674880e-04,1.000000000001000089e-04,9.999999999998898659e-05,9.999999999998898659e-05,9.999999999998898659e-05,9.999999999998898659e-05,0.000000000000000000e+00,9.999999999998898659e-05,9.999999999998898659e-05,0.000000000000000000e+00,9.999999999998898659e-05,9.999999999998898659e-05,0.000000000000000000e+00,9.999999999998898659e-05,1.000000000001000089e-04,0.000000000000000000e+00,9.999999999998898659e-05,9.999999999998898659e-05,9.999999999998898659e-05,-9.990801761317058549e-05,1.822952337970917824e-07,1.000000000001000089e-04,9.999999999998898659e-05,-9.999999999998898659e-05,0.000000000000000000e+00,-1.000000000001000089e-04,0.000000000000000000e+00,-1.999999999999779732e-04,9.999999999998898659e-05,9.999999999998898659e-05,-1.999999999999779732e-04,-6.999999999999229061e-04,-2.000000000000889955e-04,2.000000000000889955e-04,0.000000000000000000e+00,-3.000000000000779821e-04,0.000000000000000000e+00,4.000000000000669687e-04,-9.999999999998898659e-05,4.700224574643030451e-04,-1.368285424407922335e-06,2.999999999999669598e-04,-4.000000000000669687e-04,1.300000000000078870e-03,3.999999999999559464e-04,0.000000000000000000e+00,1.999999999999779732e-04,3.000000000000779821e-04,-4.000000000000669687e-04,-9.999999999998898659e-05,-1.999999999999779732e-04,9.999999999998898659e-05,9.999999999998898659e-05,0.000000000000000000e+00,-1.999999999999779732e-04,-9.999999999998898659e-05,-9.999999999998898659e-05,2.999999999999669598e-04,9.999999999998898659e-05,-2.809814497499729669e-04,8.990212095882910148e-07
1.944218897139771141e-02,1.906259863009762690e-02,1.938012430396152119e-02,1.971828208034853702e-02,1.901828673277528026e-02,1.906467893315944018e-02,1.995229777145379746e-02,1.922382978516545826e-02,1.876794030410633418e-02,1.982550314139075454e-02,1.954929912603331488e-02,1.887988325909084608e-02,1.935159709736855582e-02,1.996327704227141009e-02,1.972668036021474336e-02,1.931004259751389895e-02,1.948693587582195352e-02,1.995055760419961466e-02,1.917496028317000611e-02,1.918559961066301778e-02,1.031617793307515463e-02,1.031673429288915145e-02,1.031732953980735168e-02,1.031499973124894165e-02,1.031472591727189414e-02,1.032150391497510533e-02,1.031799062497718023e-02,1.030427770658970399e-02,1.031957312485720646e-02,1.033577145398911767e-02,1.031144887501500573e-02,1.031177216214684833e-02,1.021735633203391114e-02,1.050510418756889219e-02,1.016462834106945934e-02,1.033026747136167600e-02,1.039287957123502526e-02,1.028487316807413787e-02,1.031156262124566236e-02,1.032255970382556232e-02,4.913082582125860576e-03,5.125812087899861424e-03,5.508719342282364373e-03,4.789290874403828724e-03,5.364993047191402020e-03,5.312565152998938167e-03,4.814041821557979439e-03,5.525655267492823874e-03,5.074575664008929010e-03,4.972148104908535871e-03,5.549530821319370588e-03,4.887864503005046046e-03,5.193802888934784256e-03,5.552158380141114513e-03,4.927906752435262661e-03,5.519934867423748059e-03,5.286483083255966164e-03,4.933151705090121908e-03,5.549336590434106320e-03,5.079599319984251515e-03,2.299344475547249189e-03,4.912214027247840953e-03,2.633009177384959543e-03,2.537848258900021747e-04,5.956534515909606142e-03,4.271907462164659108e-03,-1.281422615873273330e-03,5.063846891239509596e-03,4.975740473354917093e-03,3.467328020000381983e-04,4.307662583805771384e-03,2.436720352306132042e-03,2.843796180127755591e-03,5.904947077540745326e-03,1.354627817704567860e-04,5.959590140688808546e-03,2.752711456219025798e-03,-1.103398619480389087e-03,5.956815380743663013e-03,2.440891591044880293e-03
4.999999999999449329e-04,3.999999999999559464e-04,4.000000000000669687e-04,3.999999999999559464e-04,4.000000000000669687e-04,2.999999999999669598e-04,2.999999999999669598e-04,1.999999999999779732e-04,3.000000000000779821e-04,1.999999999999779732e-04,1.999999999999779732e-04,1.999999999999779732e-04,3.000000000000779821e-04,2.999999999999669598e-04,2.999999999999669598e-04,3.000000000000779821e-04,2.999999999999669598e-04,3.999999999999559464e-04,3.165701240988028076e-04,3.438840029490464190e-04,2.699999999999924682e-03,2.400000000000068745e-03,2.099999999999990763e-03,1.900000000000012790e-03,1.699999999999923794e-03,1.600000000000045830e-03,1.399999999999956835e-03,1.400000000000067857e-03,1.399999999999956835e-03,1.199999999999978861e-03,1.199999999999978861e-03,1.200000000000089884e-03,1.099999999999989875e-03,9.000000000000119016e-04,1.000000000000000888e-03,7.999999999999118927e-04,9.000000000000119016e-04,7.000000000000339284e-04,9.013087577479650392e-04,1.106723493173200623e-03,2.000000000000001776e-03,1.800000000000023803e-03,1.499999999999945821e-03,1.400000000000067857e-03,1.199999999999978861e-03,1.000000000000000888e-03,9.000000000000119016e-04,8.000000000000229150e-04,4.999999999999449329e-04,5.000000000000559552e-04,3.999999999999559464e-04,2.999999999999669598e-04,2.000000000000889955e-04,1.999999999999779732e-04,9.999999999998898659e-05,9.999999999998898659e-05,0.000000000000000000e+00,9.999999999998898659e-05,2.172705511104267018e-04,4.382673791823998855e-04,2.099999999999990763e-03,2.000000000000001776e-03,1.900000000000012790e-03,1.800000000000023803e-03,1.800000000000023803e-03,1.699999999999923794e-03,1.500000000000056843e-03,1.599999999999934808e-03,1.500000000000056843e-03,1.399999999999956835e-03,1.400000000000067857e-03,1.399999999999956835e-03,1.299999999999967848e-03,1.300000000000078870e-03,1.199999999999978861e-03,1.099999999999989875e-03,1.000000000000000888e-03,1.000000000000000888e-03,9.381494635364306944e-04,8.779611821397859117e-04
3.291991643865288530e-02,2.831086661052140130e-02,2.677550508181880673e-02,2.395697964075083064e-02,2.803673222825608935e-02,6.683769729408761684e-03,1.064515967773616012e-02,7.589778272617309085e-03,5.698805980593135700e-03,-6.175136603553399439e-04,1.070964374332572522e-02,5.031059488675992952e-03,4.416210132752951267e-03,3.276644042095711029e-03,6.566442593149535156e-03,-5.288959024883244098e-03,-4.711040975116653762e-03,-3.769991492980406811e-03,-3.958173060332192961e-03,-2.315956596700141645e-04,-2.446086065929220510e-04,9.732675424679260168e-03,1.001428080163080381e-02,1.036660606214923064e-02,-1.986895368186636368e-02,4.190639581254429480e-02,1.159683738420358434e-02,1.180115007628412815e-02,1.186069859881655475e-02,3.283491812815142463e-02,-9.489223275088387588e-03,1.134363131839322136e-02,1.112042112404765248e-02,1.090052362327753599e-02,6.124647209370004397e-03,1.502435496992260422e-02,1.497564503007742243e-02,7.736284860631381655e-03,1.126759753848793899e-02,1.126751974149298174e-02,3.907465329169501622e-02,3.849024092022540477e-02,3.600215440648213416e-02,3.136163772579436682e-02,2.507131365580306248e-02,1.585066816160207726e-02,9.838869958180396225e-03,5.755825321408281070e-03,4.104998145592730907e-03,4.449638413216550070e-03,7.868972781775451786e-03,9.139006531540871947e-03,9.340442267671278387e-03,8.039483639862510245e-03,5.612094779149812140e-03,1.112172581289927464e-03,-1.112172581289927464e-03,1.868062037932993746e-04,5.102234470496180840e-03,1.326351287275295832e-02,1.993936982104338451e-02,2.002031387462471779e-02,2.012867581049704313e-02,2.007281135142591211e-02,1.983882914240897577e-02,1.947998962183472571e-02,1.890468597956385111e-02,1.816606028879164114e-02,1.724998443357605993e-02,1.619927967623369103e-02,1.484741084301333114e-02,1.347873459559423281e-02,1.192660565706660236e-02,1.023362505472391604e-02,9.513623849601859916e-03,5.475367573180900393e-03,4.524632426819108488e-03,2.660748695060166646e-03,1.272272663838780460e-03,6.572285348879214339e-04
1.199999999999999956e-01,3.999999999999992450e-02,-3.999999999999992450e-02,3.999999999999992450e-02,1.000000000000000888e-02,-1.000000000000000888e-02,-3.999999999999992450e-02,3.999999999999992450e-02,3.000000000000002665e-02,-2.000000000000001776e-02,-3.999999999999992450e-02,-1.000000000000000888e-02,4.999999999999993339e-02,-7.999999999999996003e-02,9.999999999999997780e-02,-1.000000000000000888e-02,-1.000000000000000888e-02,1.000000000000000888e-02,-1.199911162218603167e-01,-7.973555824423605998e-03,-1.000000000000000888e-02,0.000000000000000000e+00,1.000000000000000888e-02,-1.000000000000000888e-02,1.000000000000000888e-02,0.000000000000000000e+00,-1.000000000000000888e-02,-4.999999999999993339e-02,2.999999999999991562e-02,1.000000000000000888e-02,0.000000000000000000e+00,-2.999999999999991562e-02,2.999999999999991562e-02,-2.999999999999991562e-02,-1.000000000000000888e-02,2.999999999999991562e-02,-1.000000000000000888e-02,0.000000000000000000e+00,-1.282211673762156945e-02,-6.808417564387547749e-03,-2.999999999999991562e-02,1.999999999999990674e-02,-3.999999999999992450e-02,4.999999999999993339e-02,1.000000000000000888e-02,2.000000000000001776e-02,0.000000000000000000e+00,0.000000000000000000e+00,0.000000000000000000e+00,-1.000000000000000888e-02,-1.000000000000000888e-02,0.000000000000000000e+00,-2.000000000000001776e-02,4.000000000000003553e-02,0.000000000000000000e+00,-2.000000000000001776e-02,2.000000000000001776e-02,-2.000000000000001776e-02,-3.265548906075999014e-03,-2.826502708971001532e-03,2.999999999999991562e-02,-2.000000000000001776e-02,-3.999999999999992450e-02,4.999999999999993339e-02,2.000000000000001776e-02,-2.000000000000001776e-02,0.000000000000000000e+00,1.000000000000000888e-02,2.000000000000001776e-02,0.000000000000000000e+00,1.000000000000000888e-02,0.000000000000000000e+00,0.000000000000000000e+00,0.000000000000000000e+00,0.000000000000000000e+00,0.000000000000000000e+00,0.000000000000000000e+00,0.000000000000000000e+00,4.278994420388593234e-03,4.794789759757001057e-03
-4.154000000000002135e-02,6.210000000000048814e-03,3.510999999999997456e-02,-4.892000000000007454e-02,3.860000000000007869e-02,-6.153999999999992809e-02,3.974999999999995204e-02,-4.932081225212048281e-03,-9.067918774787964153e-03,-1.204000000000016168e-02,3.193000000000012495e-02,-1.173000000000012921e-02,-3.600999999999976442e-02,6.539999999999879243e-03,2.451000000000003176e-02,1.288999999999995705e-02,5.210000000000047926e-03,5.469999999999974882e-03,-4.545049608905427085e-02,2.018519852751188282e-02,7.249999999999978684e-03,9.199999999999985967e-03,1.209000000000004515e-02,1.160999999999989818e-02,-1.532999999999984375e-02,-8.860000000000201048e-03,4.163000000000005585e-02,4.086799995228096449e-03,7.403200004771903764e-03,2.389000000000007784e-02,-2.433000000000007379e-02,5.023000000000010790e-02,-1.957331669335049540e-02,1.447331669335039095e-02,-7.366529886747907874e-03,1.656529886747915015e-03,-4.310000000000036025e-03,8.000000000008000711e-05,1.658279156652275876e-02,1.260524267026519318e-02,1.849999999999996092e-02,1.248000000000004661e-02,-4.700000000000037481e-03,-2.269999999999994245e-03,1.105000000000000426e-02,-1.441999999999998838e-02,-1.170999999999999819e-02,1.950000000000007283e-03,1.209999999999999964e-02,6.220000000000003304e-03,6.699999999999928235e-03,-1.347999999999993648e-02,3.269999999999995133e-03,-1.108259848890980059e-02,3.693817608081739756e-03,1.118385370249985744e-02,8.912620407604210371e-03,-4.754627143022105429e-04,-7.616064301990577157e-03,-6.095757942311652577e-03,3.869999999999995666e-02,4.136000000000006338e-02,1.267999999999991356e-02,-1.309999999999922338e-03,1.018999999999981032e-02,1.258000000000014662e-02,1.270999999999999908e-02,5.659999999999887343e-03,-3.069999999999906137e-03,2.761999999999986688e-02,9.390000000000120473e-03,-7.420000000000093188e-03,7.060000000000066223e-03,7.099999999999884182e-04,4.530402952795609117e-03,8.999597047204432876e-03,2.278999999999997694e-02,2.205000000000001403e-02,2.897258087734333465e-03,2.836999394133399299e-03
-9.011573476039780317e-02,-2.926014606029614384e-02,3.255111986110814648e-02,-1.203349682432852674e-02,-1.282687275000837790e-01,-8.030999999999999250e-02,-1.249000000000000110e-02,1.876700000000000035e-01,1.248800000000001020e-01,2.632968270024571567e-02,-7.650968270024582907e-02,-1.706015659262571926e-01,-1.299284340737428822e-01,1.437000000000010491e-02,4.180000000000005933e-02,1.686999999999982958e-02,-6.294999999999983942e-02,3.847999999999995868e-02,1.284345402181163998e-01,1.064357197990213333e-01,-7.790711879538725348e-03,-7.917172439588893162e-03,-4.125999999999996337e-02,-2.131999999999989459e-02,-2.141533214453328338e-02,-1.809667714174167941e-02,-1.310495242159959162e-02,-7.408911620942149057e-03,-5.654126671183368202e-03,1.035659461597915332e-02,1.098443405842874920e-02,1.442477865867897169e-02,2.474419266691318953e-02,-4.719999999999946461e-03,3.082002128600047630e-02,3.253997871399949560e-02,-1.146000000000002572e-02,2.180999999999999606e-02,7.433346220323877596e-03,2.567515557783783819e-03,7.181230108570413329e-03,5.230945328777991676e-03,-3.511340155149422770e-03,-1.939256395790844856e-02,-1.277000000000005908e-02,-2.035000000000009024e-02,4.801790834215979853e-02,-3.287908342159640007e-03,8.705999999999991523e-02,-6.524999999999991918e-02,-1.519053302452011422e-02,8.269301490991809445e-04,-2.527639712457907528e-02,1.896999999999993136e-02,-1.154999999999994920e-02,2.113965655664917787e-02,4.420343443350849277e-03,4.051999999999988944e-02,2.740240027461526839e-02,2.111429239508511024e-02,2.067999999999992067e-02,3.719999999999995532e-02,1.047999999999998932e-02,1.600000000000012523e-02,2.399936995855561639e-02,2.717063004144426586e-02,4.271000000000002572e-02,2.865000000000006430e-02,5.223999999999995314e-02,6.449999999999955769e-03,1.566000000000000725e-02,1.767000000000007454e-02,2.531000000000005468e-02,2.658999999999989150e-02,2.166999999999996707e-02,-2.688000000000001499e-02,-2.959999999999995968e-02,-9.199999999999208811e-04,2.739727482083731402e-02,5.223433875329708265e-02
-4.162431081029871471e-02,-1.172493691838383256e-02,-1.124669559185065282e-02,-1.024804979412863304e-02,-3.706600688533834287e-02,2.156621168071959360e-02,-4.714777310979911817e-03,-2.641835238478051906e-03,-5.512491295436294791e-04,-5.923835000171773224e-02,1.051099999999998147e-01,5.299999999999194245e-04,-7.760999999999995680e-02,5.502000000000006885e-02,1.243000000000016314e-02,1.269999999999993356e-02,0.000000000000000000e+00,0.000000000000000000e+00,-5.198165980752955662e-03,-2.587876943458855550e-03,1.077411152674667694e-02,1.083036556843808285e-02,1.084898655813049118e-02,1.077963326372355368e-02,1.111690308296120477e-02,1.003177148452349954e-02,1.109252989067499584e-02,1.247064786946339154e-02,1.466171126969584293e-02,1.536333948564216900e-02,2.597000000000015962e-02,1.631999999999989015e-02,2.563999999999999613e-02,2.563999999999999613e-02,1.526000000000005130e-02,1.265000000000005009e-02,0.000000000000000000e+00,1.471999999999995534e-02,9.104499576849556242e-03,1.513622558729643686e-02,1.272272246910866045e-02,1.236896601614045910e-02,1.249228837400540026e-02,1.259978570971043155e-02,9.926237431035045411e-03,1.551616168962854925e-02,1.271250387873124055e-02,1.255976556842597347e-02,1.229269300307578305e-02,2.050887586013838693e-02,6.580000000000030269e-03,-3.249999999999975131e-03,1.282000000000005357e-02,2.563999999999999613e-02,1.281999999999994255e-02,2.600000000000046718e-03,1.266000000000000458e-02,0.000000000000000000e+00,1.419934372042530590e-02,2.461892162997181277e-02,7.376185459933681798e-03,7.384734851939356304e-03,7.386913693011365467e-03,7.393362257545277316e-03,7.008803737570290515e-03,7.744411327784361809e-03,6.957110968130564288e-03,6.157429548068193981e-03,4.948796879375549906e-03,6.532251276641365401e-03,-3.770000000000051088e-03,3.450000000000064126e-03,1.321999999999989850e-02,-3.769999999999940066e-03,-3.519999999999967599e-03,4.686999999999996724e-02,3.605999999999998096e-02,2.644000000000001904e-02,3.270201718476295483e-02,9.166455133258089027e-03
6.999999999999895195e-03,7.000000000000117240e-03,6.000000000000005329e-03,3.999999999999892530e-03,6.000000000000116351e-03,6.000000000000005329e-03,3.999999999999892530e-03,4.000000000000003553e-03,5.000000000000004441e-03,5.000000000000004441e-03,3.000000000000002665e-03,4.000000000000003553e-03,5.000000000000004441e-03,3.000000000000002665e-03,5.000000000000004441e-03,4.000000000000003553e-03,4.000000000000003553e-03,2.926347258429662368e-03,2.672013816535590003e-03,2.762817529698868846e-03,7.000000000000006217e-03,7.000000000000006217e-03,5.999999999999894307e-03,2.000000000000112799e-03,9.999999999998898659e-04,3.000000000000113687e-03,3.000000000000002665e-03,3.999999999999892530e-03,1.000000000000111910e-03,0.000000000000000000e+00,9.999999999998898659e-04,0.000000000000000000e+00,0.000000000000000000e+00,-9.999999999998898659e-04,3.000000000000002665e-03,2.999999999999891642e-03,2.000000000000112799e-03,5.237275077029868164e-03,5.799806587686084924e-03,5.949115657161052617e-03,-5.999999999999894307e-03,-1.000000000000111910e-03,-1.000000000000000888e-03,-9.999999999998898659e-04,-1.000000000000111910e-03,-2.000000000000001776e-03,1.000000000000111910e-03,9.999999999998898659e-04,2.000000000000001776e-03,0.000000000000000000e+00,1.000000000000000888e-03,-1.000000000000000888e-03,6.000000000000005329e-03,5.000000000000004441e-03,5.000000000000004441e-03,4.000000000000003553e-03,5.000000000000004441e-03,4.957305602496742125e-03,3.584536155727735540e-03,2.056392448028243614e-03,8.999999999999896971e-03,9.000000000000119016e-03,8.999999999999896971e-03,4.000000000000003553e-03,6.000000000000005329e-03,4.000000000000003553e-03,3.000000000000002665e-03,4.000000000000114575e-03,2.999999999999891642e-03,3.000000000000002665e-03,3.000000000000002665e-03,6.000000000000005329e-03,4.000000000000003553e-03,4.000000000000003553e-03,5.000000000000004441e-03,4.000000000000114575e-03,3.999999999999892530e-03,3.870746619469733751e-03,4.758525311713945882e-03,5.258900492351781253e-03
1.471000000000000085e-02,9.379999999999943938e-03,8.470000000000144080e-03,-4.900000000001014655e-04,5.960000000000020837e-03,2.307999999999998941e-02,1.797000000000004150e-02,-4.340000000000121538e-03,-4.819999999999935447e-03,1.851000000000002643e-02,2.253000000000004999e-02,1.886999999999994237e-02,1.724999999999998757e-02,1.495000000000001883e-02,1.260999999999989907e-02,-2.479999999999926708e-03,-3.799999999999914557e-03,-2.930000000000099192e-03,-3.679999999999905569e-03,1.040655964778003373e-02,7.180000000000019700e-03,-1.805000000000001048e-02,3.929999999999989058e-03,4.610000000000002984e-03,5.459999999999964881e-03,6.529999999999980265e-03,2.582000000000006512e-02,-2.085000000000003517e-02,1.530999999999999028e-02,-5.029999999999978932e-03,-8.460000000000023057e-03,4.480000000000039506e-03,1.067000000000001281e-02,4.909999999999969944e-03,-6.129999999999968807e-03,7.179999999999964189e-03,-1.079999999999969873e-03,1.249999999999973355e-03,1.429999999999986837e-03,1.020256725956797395e-02,2.909999999999968168e-03,3.300000000000025135e-03,3.719999999999945572e-03,4.100000000000048050e-03,4.519999999999968487e-03,1.204000000000005066e-02,1.299999999999634781e-04,1.439999999999996838e-03,-4.099999999999992539e-03,-2.439999999999997726e-03,-3.329999999999999627e-03,8.200000000000040590e-03,2.149999999999929745e-03,-2.789999999999959179e-03,-3.159999999999996145e-03,-3.599999999999992095e-03,-2.810000000000034692e-03,-1.170000000000004370e-03,-1.310000000000033360e-03,3.390023756293270019e-03,4.790000000000016467e-03,-6.379999999999996785e-03,1.884000000000002339e-02,8.310000000000095088e-03,1.119999999999898854e-03,-2.369999999999983231e-03,-3.520000000000023110e-03,-2.599999999999991207e-03,-8.700000000000374101e-04,-7.499999999998618883e-04,-1.400000000000845013e-04,-7.209999999999994191e-03,2.499999999999724665e-04,-6.769999999999998241e-03,-6.480000000000041283e-03,-6.609999999999949249e-03,-6.280000000000007798e-03,-5.000000000000004441e-04,-5.000000000000004441e-04,6.645545261443952523e-03
4.525600245564587176e-03,8.592820689977020976e-03,1.258573186709210923e-02,1.559637939728891753e-02,1.680946254158199871e-02,2.718710506513627445e-02,0.000000000000000000e+00,0.000000000000000000e+00,0.000000000000000000e+00,0.000000000000000000e+00,0.000000000000000000e+00,0.000000000000000000e+00,0.000000000000000000e+00,0.000000000000000000e+00,0.000000000000000000e+00,0.000000000000000000e+00,0.000000000000000000e+00,9.799999999999997602e-02,-3.999999999999559464e-04,0.000000000000000000e+00,4.000000000000003553e-03,0.000000000000000000e+00,0.000000000000000000e+00,5.000000000000004441e-03,-9.000000000000007994e-03,0.000000000000000000e+00,-2.000000000000001776e-03,0.000000000000000000e+00,0.000000000000000000e+00,1.089999999999999858e-01,-1.069999999999999840e-01,0.000000000000000000e+00,6.008879389515753289e-02,1.226241929512639217e-02,1.266154834324595413e-02,4.398723846647012437e-02,0.000000000000000000e+00,0.000000000000000000e+00,2.999999999999669598e-04,1.699999999999923794e-03,0.000000000000000000e+00,0.000000000000000000e+00,0.000000000000000000e+00,1.129999999999999893e-01,0.000000000000000000e+00,0.000000000000000000e+00,0.000000000000000000e+00,0.000000000000000000e+00,4.799999999999993161e-02,0.000000000000000000e+00,-8.999999999999896971e-03,0.000000000000000000e+00,0.000000000000000000e+00,4.599999999999992983e-02,0.000000000000000000e+00,0.000000000000000000e+00,0.000000000000000000e+00,0.000000000000000000e+00,4.639999999999999680e-02,-1.105999999999999206e-01,0.000000000000000000e+00,1.019999999999999796e-01,0.000000000000000000e+00,0.000000000000000000e+00,0.000000000000000000e+00,0.000000000000000000e+00,-3.000000000000002665e-03,0.000000000000000000e+00,0.000000000000000000e+00,0.000000000000000000e+00,6.500000000000005773e-02,0.000000000000000000e+00,0.000000000000000000e+00,0.000000000000000000e+00,0.000000000000000000e+00,3.499999999999992006e-02,0.000000000000000000e+00,0.000000000000000000e+00,1.000000000001000089e-04,0.000000000000000000e+00
0.000000000000000000e+00,0.000000000000000000e+00,0.000000000000000000e+00,0.000000000000000000e+00,0.000000000000000000e+00,0.000000000000000000e+00,2.000000000002000178e-05,2.999999999997449152e-05,2.000000000002000178e-05,2.999999999997449152e-05,0.000000000000000000e+00,0.000000000000000000e+00,0.000000000000000000e+00,0.000000000000000000e+00,0.000000000000000000e+00,0.000000000000000000e+00,-1.000000082740370999e-11,1.077915534608564485e-12,3.207656362747002277e-12,5.709988037949642603e-12,1.189999999999913349e-03,1.179999999999958860e-03,1.190000000000024372e-03,1.190000000000024372e-03,1.190000000000024372e-03,1.189999999999913349e-03,1.170000000000115392e-03,1.159999999999938858e-03,1.149999999999984368e-03,1.159999999999938858e-03,1.150000000000095390e-03,1.129999999999964366e-03,1.129999999999964366e-03,1.130000000000075389e-03,1.129999999999964366e-03,1.129999999999964366e-03,1.149999999999984368e-03,1.146444691915493586e-03,1.158173958636155021e-03,1.166849914465806215e-03,7.039999999999935199e-03,9.539999999999881908e-03,9.510000000000129461e-03,9.410000000000029452e-03,9.109999999999951470e-03,9.110000000000062492e-03,9.099999999999996980e-03,9.089999999999931468e-03,9.089999999999931468e-03,9.080000000000088001e-03,9.069999999999911466e-03,9.050000000000002487e-03,9.030000000000093507e-03,9.020000000000027995e-03,5.919999999999925322e-03,5.840000000000067359e-03,4.100000000000214584e-04,-6.970814667752733840e-04,5.171578571598556273e-03,9.539863635133816189e-03,1.085999999999998078e-02,1.622000000000001219e-02,1.636000000000004118e-02,1.649000000000000465e-02,1.565000000000005276e-02,1.575000000000004174e-02,1.570999999999989072e-02,1.566000000000011827e-02,1.561999999999996724e-02,1.557999999999992724e-02,1.551999999999997826e-02,1.547000000000009479e-02,1.540999999999981274e-02,9.130000000000082494e-03,8.940000000000059011e-03,8.739999999999858993e-03,8.500000000000174083e-04,-2.270035466038211602e-03,6.844790501112196779e-03,1.647668615085762234e-02
-3.898182455986487494e-02,6.740576712732537779e-03,-3.213649728744771839e-02,-3.919619779828908968e-03,2.954940206918776902e-03,-3.198789765626708359e-02,1.883561226702146207e-02,4.310363728048050014e-02,4.416575923449261865e-02,1.965169220875084832e-02,-2.024852679300070957e-02,2.299883799960533715e-02,1.248724113822452519e-02,-3.395735552149370395e-02,-2.575178252080212449e-02,1.541396171356712586e-02,4.147146239300347759e-02,2.667522345014561314e-02,-2.831077891766176080e-04,-8.453957656695099132e-03,1.559078097633781468e-04,1.632159883457884320e-04,1.607799288184663666e-04,-4.238743577940073948e-04,-3.605368100771944029e-04,-5.578576318092665076e-04,-2.630944289755410281e-04,-4.945200840926755603e-04,3.848974053530795914e-04,6.577360724380199031e-05,2.436059527544109926e-06,-6.820966677134610023e-05,9.744238110198644165e-05,-2.811188476009585102e-04,-2.576146420062430664e-04,-3.377198277504378510e-04,-3.772257657548294674e-04,-3.369762900753414669e-04,-2.156553387846482650e-04,-6.272119712513735124e-05,-1.227774001885451050e-03,1.096226787398180136e-04,-2.696717896998768182e-03,1.778323455116082030e-04,1.371501514010775580e-03,-1.266750954326378853e-03,-1.010964703933470155e-03,-1.359321216373388097e-03,2.772235742352857635e-03,-1.459199657002807626e-03,-3.264319766920209531e-04,5.383691555888026059e-04,1.461635716529796625e-04,-2.503690466672980897e-03,-5.119650636772332675e-04,7.912282955264693385e-04,1.778669099794516484e-05,-4.760350792193390745e-04,-7.440686645786565023e-04,-4.998550789824252050e-04,7.308178582743352081e-06,-3.897695244081678112e-05,-2.046290003139272784e-04,-1.559078097636001914e-04,-7.795390488152253994e-05,-3.775892267703362393e-04,-1.680881074009876741e-04,-4.945200840927865826e-04,5.432412746437798035e-04,-3.093795599989901390e-04,-1.442147240309998857e-03,1.315472144878260252e-04,7.795390488163356224e-05,-3.014465722390724522e-04,-3.318606877955598833e-05,1.660816480741900136e-04,-3.848584094023888014e-04,-5.789450554698483131e-04,-2.190394930760009018e-04,-1.575048629829378655e-04
0.000000000000000000e+00,0.000000000000000000e+00,0.000000000000000000e+00,0.000000000000000000e+00,0.000000000000000000e+00,0.000000000000000000e+00,0.000000000000000000e+00,0.000000000000000000e+00,0.000000000000000000e+00,0.000000000000000000e+00,-6.199999999999539213e-04,-6.099999999999994316e-04,-6.200000000000649436e-04,-6.199999999999539213e-04,-6.099999999999994316e-04,-6.200000000000649436e-04,-6.199999999999539213e-04,-2.079607761967805502e-04,4.034281845352039042e-04,3.074752561855742528e-04,7.400000000000739320e-04,7.300000000000084199e-04,7.300000000000084199e-04,7.399999999999629097e-04,7.300000000000084199e-04,7.300000000000084199e-04,7.300000000000084199e-04,7.199999999999429079e-04,7.200000000000539302e-04,7.199999999999429079e-04,7.200000000000539302e-04,7.199999999999429079e-04,7.200000000000539302e-04,7.199999999999429079e-04,7.200000000000539302e-04,7.300000000000084199e-04,7.300000000000084199e-04,-7.393571731044712436e-04,1.577696923924509775e-04,4.418928300555791111e-04,4.370000000000096030e-03,4.319999999999990514e-03,4.279999999999950511e-03,4.190000000000027036e-03,3.959999999999963549e-03,3.929999999999989058e-03,3.900000000000014566e-03,3.859999999999974563e-03,5.059999999999953424e-03,7.740000000000080149e-03,7.700000000000040146e-03,7.679999999999909122e-03,7.639999999999980140e-03,6.940000000000057234e-03,2.700000000000035705e-03,2.649999999999930189e-03,2.630000000000021210e-03,7.689894110918249481e-05,-7.734059880590837821e-03,4.045251317809417380e-03,1.217000000000001414e-02,1.447000000000009390e-02,1.453999999999999737e-02,1.462999999999992085e-02,1.578999999999997073e-02,1.598000000000010523e-02,1.593999999999995421e-02,1.588000000000000522e-02,1.579999999999992522e-02,1.573999999999997623e-02,1.565000000000016378e-02,1.556999999999986173e-02,1.546000000000002927e-02,1.537000000000010580e-02,1.524999999999998579e-02,1.513999999999982027e-02,1.430000000000042348e-03,-1.014356501300084368e-02,1.256613615793888972e-02,1.597722008185664677e-02
1.159999999999994369e-02,1.000000000000000888e-02,7.600000000000051159e-03,6.000000000000005329e-03,5.499999999999949374e-03,4.199999999999981526e-03,3.500000000000058620e-03,2.900000000000013678e-03,2.299999999999968736e-03,2.499999999999946709e-03,2.500000000000057732e-03,1.099999999999989875e-03,1.800000000000023803e-03,6.999999999999229061e-04,1.200000000000089884e-03,4.999999999999449329e-04,1.019840879802225153e-03,6.827446536306069902e-04,6.114760644493344444e-04,5.412827154600563517e-04,1.959999999999995079e-02,2.470000000000016627e-02,1.139999999999996572e-02,1.429999999999997939e-02,1.699999999999990408e-02,1.160000000000005471e-02,8.599999999999941025e-03,6.000000000000005329e-03,7.400000000000073186e-03,6.499999999999950262e-03,2.800000000000024691e-03,2.099999999999990763e-03,3.700000000000036593e-03,2.599999999999935696e-03,2.000000000000001776e-03,3.099999999999991651e-03,1.755124453614143043e-03,-1.892589509318476360e-03,-3.593526194942464613e-03,2.467954291155649571e-02,1.000000000000000888e-02,7.500000000000062172e-03,7.099999999999995204e-03,5.800000000000027356e-03,5.099999999999993427e-03,3.900000000000014566e-03,3.199999999999980638e-03,3.199999999999980638e-03,2.199999999999979750e-03,2.400000000000068745e-03,1.799999999999912781e-03,1.600000000000045830e-03,1.199999999999978861e-03,1.399999999999956835e-03,9.000000000000119016e-04,7.000000000000339284e-04,9.022173108446107648e-04,9.103605688292049081e-04,9.829745108730358893e-04,1.041209081872995768e-03,9.800000000000030909e-03,8.099999999999996092e-03,7.000000000000006217e-03,8.899999999999907985e-03,5.400000000000071410e-03,3.799999999999914557e-03,5.000000000000004441e-03,3.700000000000036593e-03,3.500000000000058620e-03,3.899999999999903544e-03,2.100000000000101785e-03,3.000000000000002665e-03,1.499999999999945821e-03,1.600000000000045830e-03,1.699999999999923794e-03,1.500000000000056843e-03,1.893157077806795208e-03,2.381243912998765033e-03,3.217721702653664195e-03,4.273327646646118971e-03
8.141506067094184118e-04,-2.007494646681040606e-03,1.293718772305774145e-03,-1.561384725197179080e-04,3.011241970020117620e-04,6.468593861527205391e-04,-1.003747323339299058e-04,1.070663811563177248e-03,2.163633119200425448e-03,1.895967166312129137e-04,-6.357066381156295520e-04,3.903461812989617030e-04,-6.691648822270135355e-04,8.922198429692773658e-04,1.293718772305552100e-03,2.230549607418197411e-05,1.293718772305441078e-03,2.137753777395889898e-04,8.530942880202729839e-05,9.645936155799894607e-05,-7.137758743757105506e-04,7.806923625984785176e-04,4.014989293361637124e-04,-3.791934332619817383e-04,-7.806923625981454506e-04,1.895967166309908691e-04,1.338329764454249116e-04,3.345824411116193886e-05,5.464846538187906333e-04,6.245538900784275427e-04,4.795681655961336887e-04,1.338329764454249116e-04,2.788187009278297879e-04,2.342077087793548174e-04,4.014989293362747347e-04,-2.899714489650317972e-04,1.226802284083339245e-04,1.579656171460941394e-04,-4.568527317283521683e-05,-6.714468483082214334e-05,4.795681655959116441e-04,7.026231263383975190e-04,1.037205567451793264e-03,2.453604568165568267e-04,5.353319057815886239e-04,-1.895967166309908691e-04,-1.182191291934309163e-03,7.249286224125794931e-04,9.479835831547323011e-04,-9.368308351175302917e-04,1.204496788008380115e-03,5.799428979301746168e-04,1.449857244827379432e-04,-1.784439685941219267e-04,5.576374018556595757e-05,3.568879371876887419e-04,0.000000000000000000e+00,7.865571893070910647e-04,4.038278943928608200e-04,2.113259199375550068e-04,1.884814418272595660e-03,7.583868665239634765e-04,2.152480371163445483e-03,-9.591363311920453327e-04,-2.230549607418197411e-05,-2.565132048537588361e-04,-3.791934332618707160e-04,-6.914703783011955096e-04,5.018736616702046405e-04,1.092969307637470244e-03,-9.033725910064793752e-04,1.371788008565300032e-03,-1.003747323340409281e-04,-1.561384725196068857e-04,8.029978586723274248e-04,6.245538900784275427e-04,-3.345824411133957454e-04,7.349621848834475557e-04,8.411525425311427995e-05,-5.672579991233828167e-05
0.000000000000000000e+00,0.000000000000000000e+00,0.000000000000000000e+00,0.000000000000000000e+00,0.000000000000000000e+00,0.000000000000000000e+00,0.000000000000000000e+00,0.000000000000000000e+00,0.000000000000000000e+00,0.000000000000000000e+00,0.000000000000000000e+00,0.000000000000000000e+00,0.000000000000000000e+00,0.000000000000000000e+00,0.000000000000000000e+00,0.000000000000000000e+00,0.000000000000000000e+00,0.000000000000000000e+00,0.000000000000000000e+00,0.000000000000000000e+00,-2.599999999999935696e-03,2.870000000000039186e-03,1.072999999999990628e-02,-5.599999999999938360e-03,1.160000000000005471e-02,-3.600000000000158629e-03,-1.789999999999958291e-03,9.390000000000009450e-03,-4.889999999999949942e-03,2.769999999999828155e-03,2.330000000000165272e-03,-1.210000000000044373e-03,2.950000000000008171e-03,-1.950000000000007283e-03,2.000000000000001776e-03,0.000000000000000000e+00,-1.000000082740370999e-11,2.858380199199928029e-12,3.164801753996471234e-12,3.970046513757097273e-12,2.500000000000002220e-02,5.000000000000004441e-03,6.000000000000116351e-03,5.999999999999894307e-03,3.000000000000002665e-03,1.000000000000111910e-03,0.000000000000000000e+00,0.000000000000000000e+00,9.999999999998898659e-04,0.000000000000000000e+00,0.000000000000000000e+00,0.000000000000000000e+00,2.000000000000001776e-03,1.000000000000000888e-03,2.000000000000001776e-03,0.000000000000000000e+00,-1.000000082740370999e-11,1.126765347692071373e-12,3.698485961933783983e-12,5.171196804099054134e-12,2.134999999999998010e-02,2.120000000000010765e-02,2.100999999999997314e-02,2.049999999999996270e-02,2.078000000000002068e-02,1.622199999999999198e-01,-1.215299999999999159e-01,2.044999999999985718e-02,2.071000000000000618e-02,2.109000000000016417e-02,2.157999999999993257e-02,2.200999999999997403e-02,2.236000000000004651e-02,-5.566999999999999726e-02,8.079999999999998295e-02,2.839999999999953673e-03,3.599999900000261377e-04,2.419620059868066164e-12,7.570832849523867480e-12,-3.402833570476104796e-13
-2.589999999999981206e-03,4.999999999999449329e-05,-1.060000000000060894e-03,2.410000000000023235e-03,-6.850000000000022737e-03,-1.069999999999904361e-03,2.219999999999999751e-03,3.909999999999969056e-03,5.179999999999962412e-03,1.720000000000054818e-03,-2.825315328866428999e-03,-4.157570331477233871e-03,-2.223191249299594219e-03,7.564042591852171427e-04,2.430017461948041912e-03,2.164738181083980528e-03,8.661689807821781883e-04,-2.803755904553506539e-04,-6.981207757396079572e-04,-4.712497089366385339e-04,7.000000000001449507e-05,6.000000000006000533e-05,6.999999999990347277e-05,3.000000000008551382e-05,-2.600000000000379785e-04,-7.999999999996898481e-05,-2.000000000002000178e-05,-1.000000000006551204e-05,1.200000000000089884e-04,3.000000000008551382e-05,-7.186504096479140458e-06,-3.215930775357644933e-05,-3.816425294256298173e-05,-3.578732397102601936e-05,-3.129319017802778546e-05,-2.536452241497233473e-05,-1.940928617016890456e-05,-1.632660107120376125e-05,-1.692882665416117760e-05,-1.898413637468898685e-05,2.400000000000179767e-04,-1.600000000000489919e-04,0.000000000000000000e+00,-7.999999999996898481e-05,-6.399999999999739231e-04,2.199999999999979750e-04,-6.000000000006000533e-05,-9.999999999998898659e-05,6.399999999999739231e-04,-1.299999999999634781e-04,-5.779082484080877435e-05,-2.610930136751621333e-04,-3.192308644374142190e-04,-2.243704959266068499e-04,-3.225067446144258554e-05,1.471640347722180664e-04,2.152634538006292786e-04,1.411647500138002442e-04,-2.448507688279644157e-05,-1.840289918609849806e-04,2.000000000002000178e-05,-2.000000000002000178e-05,-3.000000000008551382e-05,2.000000000002000178e-05,-1.599999999999379696e-04,0.000000000000000000e+00,-2.999999999997449152e-05,-6.000000000006000533e-05,1.999999999999779732e-04,-4.999999999999449329e-05,-1.048463842334701468e-05,-7.546770284660997419e-05,-9.652943648597034354e-05,-7.058562568729165321e-05,-1.326857600469910636e-05,3.967681873151551741e-05,5.554995657441885726e-05,2.567270361275575397e-05,-2.974527437149543374e-05,-7.561076555517853848e-05
-7.199999999999429079e-04,-1.110000000000055387e-03,2.100000000000434852e-04,1.709999999999989306e-03,4.519999999999968487e-03,2.569999999999961204e-03,3.500000000000058620e-03,2.099999999999990763e-03,0.000000000000000000e+00,-1.399999999999956835e-03,-1.100000000000100897e-03,8.000000000000229150e-04,2.000000000000001776e-03,8.000000000000229150e-04,2.999999999999669598e-04,2.000000000000889955e-04,9.999999999998898659e-05,2.999999999999669598e-04,1.900000000000234834e-04,9.092857137199539252e-04,-2.800000000000024691e-03,-7.499999999999951150e-03,-1.000000000000000888e-02,6.900000000000017231e-03,-8.800000000000030020e-03,7.099999999999995204e-03,1.690000000000002611e-02,2.829999999999999183e-03,-5.700000000000038369e-03,3.299999999999969624e-03,-3.091999999999994753e-02,-7.480000000000042171e-03,-5.569999999999963869e-03,4.899999999999904432e-04,5.299999999999194245e-04,6.449999999999955769e-03,6.700000000000039257e-03,1.450000000000062350e-03,8.319999999999994067e-03,-4.549964423220753673e-03,5.399999999999960387e-03,-1.499999999999945821e-03,3.999999999999559464e-04,2.800000000000024691e-03,1.357999999999992546e-02,3.620000000000067608e-03,1.449999999999951328e-03,-7.799999999998918909e-04,-8.470000000000088569e-03,2.410000000000023235e-03,-5.285000000000006359e-02,7.040000000000046221e-03,1.696000000000008612e-02,8.759999999999990017e-03,-1.600000000000045830e-03,-2.960000000000073683e-03,1.350000000000073364e-03,-8.000000000000229150e-04,-5.630000000000023874e-03,-1.046514632469330852e-02,1.119999999999998774e-02,8.700000000000041034e-03,-3.299999999999969624e-03,1.089999999999990976e-02,-1.799999999999912781e-03,1.339999999999996749e-02,1.099999999999989875e-03,-9.999999999998898659e-05,6.099999999999994316e-03,-1.299999999999967848e-03,1.800000000000023803e-03,-8.000000000000229150e-04,-2.400000000000068745e-03,-4.699999999999926459e-03,2.399999999999957723e-03,1.600000000000045830e-03,1.129999999999964366e-03,1.090000000000035385e-03,5.899999999999794298e-04,9.783894561775641208e-04
4.399999999999999398e-03,2.000000000000003511e-03,1.299999999999995604e-03,2.100000000000001171e-03,1.499999999999997863e-03,-1.299999999999999073e-03,1.900000000000002381e-03,-1.000000000000028644e-04,1.000000000000028644e-04,2.199999999999997097e-03,1.000000000000000888e-03,4.900000000000001577e-03,6.800000000000000488e-03,1.100000000000000283e-02,9.999999999999592548e-05,6.499999999999998834e-03,-1.500000000000001332e-03,3.200000000000008393e-03,-2.689264982828176720e-03,7.793062167094563786e-04,4.000000000000001818e-04,0.000000000000000000e+00,4.000000000000001818e-04,1.999999999999996572e-04,-1.000000000000002623e-04,4.000000000000010492e-04,5.999999999999998390e-04,3.999999999999993144e-04,1.400000000000000203e-03,4.000000000000001818e-04,7.000000000000009687e-04,9.999999999999991535e-04,0.000000000000000000e+00,3.999999999999993144e-04,5.000000000000004441e-04,1.199999999999999678e-03,0.000000000000000000e+00,1.700000000000001857e-03,6.642683417058085904e-04,6.018227380255643938e-04,1.399999999999999335e-03,1.800000000000001252e-03,7.999999999999986289e-04,2.800000000000002140e-03,3.499999999999999639e-03,2.399999999999999356e-03,3.300000000000000849e-03,4.000000000000000083e-03,3.899999999999997219e-03,2.400000000000002826e-03,1.899999999999998912e-03,1.199999999999999678e-03,3.400000000000000244e-03,2.200000000000000566e-03,3.700000000000001898e-03,2.799999999999996936e-03,3.200000000000001454e-03,-3.300000000000004319e-03,3.493198054567367428e-03,1.269529558921414503e-03,2.999999999999999195e-04,-9.999999999999982861e-05,-1.000000000000002623e-04,1.000000000000002623e-04,-2.000000000000000909e-04,9.999999999999982861e-05,2.999999999999999195e-04,4.000000000000001818e-04,7.999999999999999299e-04,5.000000000000004441e-04,8.999999999999997585e-04,7.000000000000001013e-04,4.000000000000001818e-04,1.400000000000000203e-03,9.999999999999939493e-05,2.299999999999999961e-03,2.299999999999999961e-03,8.000000000000020983e-04,1.504992404795285968e-03,1.427098304521983926e-03
1.306000000000000216e-02,4.056000000000000577e-02,9.016000000000000403e-02,1.460000000000000187e-02,4.030999999999998473e-02,4.241000000000000325e-02,8.025999999999999801e-02,7.300000000000012035e-02,8.799999999999991163e-02,1.589999999999999192e-01,0.000000000000000000e+00,3.000000000000002665e-03,1.600000000000000311e-01,6.190000000000006608e-02,1.394999999999990692e-02,2.240000000000008651e-02,2.263999999999988244e-02,2.264000000000010449e-02,1.479776552378742061e-03,1.989321446604463972e-03,1.980000000000000857e-03,1.881000000000000033e-02,1.318000000000000074e-02,7.882000000000000117e-02,8.300000000000001821e-03,9.099999999999996980e-03,2.369999999999999885e-02,1.980000000000001203e-02,1.990000000000000102e-02,1.600000000000004197e-02,3.999999999999995226e-02,8.000000000000007105e-03,3.000000000000002665e-02,4.494999999999998996e-02,3.923999999999999710e-02,3.428999999999998716e-02,3.701999999999999735e-02,1.973999999999997979e-02,5.951156860221629152e-03,2.014696568582080571e-02,1.546999999999999417e-02,9.549999999999989053e-03,1.238000000000002293e-02,2.037999999999998146e-02,1.126000000000000612e-02,3.331000000000000627e-02,4.114000000000000989e-02,1.042999999999999761e-01,6.540000000000001368e-02,2.730000000000010196e-02,2.299999999999990941e-02,2.341999999999999638e-02,2.358000000000010088e-02,2.359999999999989884e-02,3.400000000000014122e-03,3.099999999999997202e-02,1.459100000000000952e-01,0.000000000000000000e+00,4.342559932853440330e-02,2.536417594636175554e-02,6.769999999999999109e-03,1.002000000000000113e-02,9.800000000000003153e-03,8.254999999999999838e-02,3.475999999999999923e-02,4.686999999999999500e-02,1.728999999999999981e-02,1.160000000000000198e-01,8.199999999999996181e-02,1.070000000000000395e-01,-5.893000000000003791e-02,9.309000000000000608e-02,5.840000000000067359e-03,8.000000000000007105e-03,2.799999999999913669e-03,1.191000000000008718e-02,3.490999999999999659e-02,3.042000000000000259e-02,1.159588149255843526e-01,1.045373575550632150e-01
2.216790845820090783e-02,2.222445931842731426e-02,2.219349628642708350e-02,2.112502028897361717e-02,2.066744680394910771e-02,2.756850522010473314e-02,2.757884387778131163e-02,3.723306505636292396e-02,2.943951365363089989e-02,-3.241741997956598675e-02,6.239128770063701035e-02,5.635871229936284532e-02,3.197653602247030324e-02,2.102346397752974383e-02,2.244830012280196740e-02,9.801699877198033484e-03,-1.934513894731948458e-02,-2.890486105268053052e-02,2.539785219948753614e-02,5.069300111925789665e-02,2.787298799590004483e-02,3.039617327484667175e-02,1.410125481742147135e-02,-9.300328993575690539e-03,-2.197389516360354067e-02,-2.955226825072126973e-02,9.597435755309080552e-03,1.244086924225489832e-01,1.203669962803183280e-02,-1.290486411011407264e-01,1.357778624971900938e-01,7.697213750280990086e-02,-6.944100250914719830e-02,1.744100250914731864e-02,-1.010356433795761566e-02,6.285356433795752373e-02,-5.581437152584561856e-02,-7.685628474154382328e-03,-3.347746416659919122e-02,-6.090349491697399920e-02,-3.005245885016638585e-02,-2.317006674559557444e-02,4.166891037492975736e-02,4.952910155648709845e-02,-5.275707306444010758e-02,-9.181225879571908166e-02,1.952544979491027677e-02,8.252947895283058166e-02,-4.938008116723180407e-03,-5.761155138235107831e-02,9.965721366515467583e-03,6.828427863348451865e-02,-9.181268629535921377e-02,-5.218731370464080310e-02,2.720078516844093297e-02,9.049214831559071470e-03,-3.435630544959811239e-02,-5.214369455040185342e-02,7.873835159584263721e-02,9.176534551247295113e-02,-2.213388514924208295e-02,-8.037239229022219433e-03,-4.524592504692692696e-02,-5.140063344700329662e-02,1.167626808447064235e-04,-8.859070110207811766e-03,-5.924019071801955860e-02,-2.961627429126001410e-02,-6.318953761349388465e-03,-5.307849536506359378e-02,-2.761234555698133253e-02,3.711510088234670768e-03,-4.881261264055314353e-02,-3.104857561808477273e-02,-3.059509609174804190e-02,-5.929371564961405383e-02,4.635222090825730223e-03,-1.113522209082573600e-02,-5.927344401411416275e-02,-2.550609781308910140e-02
9.354499683340206095e-03,4.906532080641845539e-04,-7.304814780009494246e-04,1.487912046509479169e-02,-9.711071070557922291e-03,9.868808765255351889e-03,8.813380345083166034e-03,-1.127690200211742266e-02,1.935491862017828246e-02,-6.500496019439819251e-03,5.975073976630038142e-03,5.492039564119380324e-03,-1.675322625057276693e-03,1.379141699425893985e-02,-1.433861269076631972e-02,2.504500000000005333e-02,-1.220900000000005314e-02,2.686000000000021704e-03,1.959485563191842861e-02,-2.502343236891764466e-02,3.141566475204835701e-03,2.298449829473588057e-04,7.370545320686781865e-04,3.227329572446306638e-03,1.088095258616812722e-03,1.405034554142897685e-04,2.687579631133231450e-03,2.009930507408393130e-03,1.538838643488082969e-04,1.774404049608623024e-03,2.495186109112729200e-03,7.598309577488276956e-04,1.020265846983482716e-03,2.300909075789440983e-03,1.529755850456740451e-03,1.481999999999997208e-03,2.784999999999995812e-03,3.230000000000017579e-03,2.326743611506344733e-03,1.807109607255316663e-03,3.935366204774630450e-03,4.618231004051046376e-03,3.726027754286596536e-03,3.085450897072378185e-03,4.912648259832633202e-03,4.789360604837544083e-03,2.346878142726178257e-03,3.936835076852725213e-03,5.756274647420289714e-03,3.001503413063141834e-03,3.298116120133413876e-03,5.280639639689180265e-03,2.742010482231299617e-03,4.141068245322170049e-03,6.596199884987830053e-03,1.050999999999996382e-03,2.355000000000009863e-03,1.049899999999999445e-02,3.370212193989322036e-03,-1.728002912041740058e-03,1.639807740608748010e-03,3.491432652262094205e-03,1.919280728028278926e-03,3.209166299018359828e-03,2.203969521191243008e-03,2.922431337181502845e-03,2.492369674807360519e-03,2.632751022366253829e-03,2.782941729464357555e-03,2.341678367499478580e-03,3.074121807320182032e-03,2.050785394019000868e-03,3.364332491689395188e-03,1.761652144233995243e-03,2.582837599359275038e-03,6.553000000000010206e-03,1.350900000000000711e-02,5.489999999999869984e-04,1.338120720777782879e-02,2.631842656496449773e-03
8.760299095832277047e-05,8.862369462238816817e-05,1.003363134543678453e-04,8.788741111437348152e-05,9.443445376080411569e-05,9.492653845934867496e-05,8.819894644945813766e-05,9.941265349651742800e-05,8.637550476499507301e-05,1.034170528331473243e-04,7.838578468794248771e-05,8.503756427840399729e-05,1.549683028459645714e-04,1.394760751338708360e-08,1.550177495465224209e-04,9.635361239656789478e-05,1.917550523204865354e-05,1.549781020006154794e-04,6.942834672778522287e-05,6.884963400082596413e-05,1.164747336678589786e-04,2.755955468778377264e-04,2.757733554936696481e-04,1.121563639606337412e-04,-2.900000000000003270e-04,1.800000000000004721e-04,-4.000000000000010492e-05,1.499999999999999598e-04,1.629999999999999505e-03,0.000000000000000000e+00,9.900000000000004283e-04,-2.300000000000001696e-04,1.299999999999999940e-03,-2.999999999999964501e-05,8.299999999999982739e-04,-1.099999999999989875e-04,-1.020000000000000073e-03,-2.761370086495074094e-04,3.973991754891463210e-04,1.123432912577503745e-03,-5.545044186522889856e-04,-2.779523144617566943e-04,1.069999999999999771e-03,8.099999999999990888e-04,-1.899999999999983299e-04,-3.500000000000004843e-04,-1.100000000000015896e-04,-2.699999999999994071e-04,6.699999999999995889e-04,-1.599999999999986849e-04,1.900000000000009320e-04,-2.700000000000011419e-04,-1.099999999999998548e-04,-1.600000000000004197e-04,-2.500000000000002220e-04,-2.999999999999999195e-04,-6.988301755559700457e-04,1.253365880508547359e-05,6.253361440031381807e-04,4.716126566423435237e-04,1.049397520938398845e-03,-8.099999999999999561e-04,1.050000000000000586e-03,-1.361042557936524913e-04,2.297720627097987744e-07,-9.412551626905834440e-05,9.458505889523276949e-05,2.297667123212637774e-07,2.297609693639388051e-07,9.749554134230826660e-04,-1.049722511799489402e-03,7.096194568243490569e-04,-5.244796535272778712e-04,3.117549615507886687e-04,-7.404455395802365600e-04,1.744139110318983568e-04,9.216663670388461696e-04,-7.998010549915999731e-04,-4.953445190486391314e-04,5.978101700078635242e-04
-1.785997777425163413e-03,-4.405461184314951595e-03,-5.298460073027339012e-03,-4.445150023813404516e-03,-1.835608826797924253e-03,4.365772344817608897e-04,1.319653913319562832e-03,2.292030481028661804e-03,3.363629147483698789e-03,4.524527702809949536e-03,2.827829814256244134e-02,-7.911970153992695098e-02,3.532306715351499204e-03,9.979758691855851460e-02,-1.544987299571359274e-01,6.133910144467358272e-02,-2.941935227813920195e-02,-2.814736949098979590e-02,6.900161929650255876e-02,-1.769459868894790455e-03,-7.937767899668379812e-04,-1.329576123194065040e-03,-1.696697888553755362e-03,-1.905064295920078088e-03,-1.954675345292811173e-03,-3.244562628988645336e-03,-5.516748690268413746e-03,-7.282902047944128654e-03,-8.523178282266896666e-03,-9.257421812986305065e-03,6.609183997459913695e-02,-1.989403079853935274e-02,-3.396372440069858611e-02,-3.433084616605769357e-03,-1.156235116685189190e-01,6.350214319733593626e-04,1.141054135577090900e-02,1.771491883116402266e-02,3.629783775618627972e-02,1.429919177528729546e-02,2.837752024130946182e-03,5.119860295284883733e-03,5.735037307509127658e-03,4.673360850928731658e-03,1.934830925543695734e-03,-7.838545800920027062e-04,-2.351563740276230163e-03,-3.939117320209573059e-03,-5.536593110017418162e-03,-7.114224480076258850e-03,1.663954595967609418e-02,1.043816478806158798e-02,-2.815923162406730462e-02,9.545165899349172811e-03,-1.599460231782823261e-02,-2.129306239085571040e-02,7.878234640419146118e-03,-5.172128701622868974e-03,9.151638347968282794e-03,1.205934706676436985e-02,-2.480552468646646247e-04,-2.182886172408249337e-04,-9.922209874579923650e-05,1.289887283696389275e-04,4.266550246070366370e-04,1.131131925702466567e-03,2.034053024289605993e-03,2.788140974757880031e-03,3.353706937609057803e-03,3.780361962216316485e-03,3.790284172090818693e-03,1.465510398475933229e-02,-1.458564851563726172e-02,-6.836402603587865556e-03,-1.479401492300369547e-02,-1.483370376250203737e-02,3.383473567232897494e-03,8.847905921951837449e-03,1.388241434763715088e-02,1.144414126949178101e-02
1.856685727236467853e-02,1.557766256950526840e-02,1.271346211786816838e-02,1.304561783828189769e-02,1.757293491822309317e-02,2.384027706059160812e-02,3.288247137203559323e-02,2.349833323509997740e-02,-9.860000000000090914e-03,2.962010424402550246e-02,-8.280104244025476845e-03,6.735000000000002096e-02,-9.627678549212870251e-03,8.110040142571550703e-04,1.966648709024099162e-02,2.330560503283707341e-02,2.857347815121047407e-02,1.537320565898792069e-02,1.626451294626785060e-02,1.719287386604617662e-02,8.599432214121893736e-02,1.535504301525469906e-02,-6.091159872656737306e-02,1.219991389513819247e-02,1.066322912912351928e-01,-9.251345815242772996e-02,2.589999999999992308e-02,4.237999999999997325e-02,1.387000000000000455e-01,-2.919299999999999673e-01,-1.936000000000004384e-02,-1.482999999999995433e-02,-5.416000000000004144e-02,1.557000000000000051e-01,9.917000000000009141e-02,-5.390000000000005898e-03,-1.972000000000007081e-02,8.444999999999991402e-02,1.823756238192240087e-01,-1.669776103563578307e-01,3.365075732016320487e-02,6.286971702746835255e-03,-1.262153568033023698e-01,6.206712467069747108e-02,7.987362457803404148e-02,-8.889226319471432713e-02,-1.086291541423867191e-03,3.976981287135805676e-03,-6.330218085442029796e-02,1.135558133833703964e-01,-1.262700000000000489e-01,7.570000000000132179e-03,-3.856000000000009420e-02,2.036999999999999922e-02,-1.857999999999998542e-02,1.214499999999999469e-01,-7.795999999999997376e-02,-4.283999999999998920e-02,2.794000000000002037e-02,6.571720736572861377e-03,1.133802909692133154e-02,1.338008029297599322e-02,1.584671061311010432e-02,1.730987236303771493e-02,1.627412912972309167e-02,1.171966990148148868e-02,3.799691965430784801e-03,-4.940188793769173525e-03,-8.940075687461745968e-03,-2.080267122907597521e-03,-6.674460222871880788e-03,8.015000000000011005e-02,1.743999999999990003e-02,6.970000000000003970e-02,-1.362000000000007649e-02,-7.619999999999960139e-03,-7.800000000000029132e-04,1.363000000000003098e-02,-5.847999999999992093e-02,5.579352270115095491e-02
-1.979999999999981775e-03,1.599999999999379696e-04,-2.109999999999945253e-03,-1.489999999999991331e-03,-2.049999999999996270e-03,-3.489999999999993108e-03,4.600000000000159517e-04,4.289999999999905000e-03,3.410000000000024123e-03,9.900000000000463984e-04,-2.319999999999988738e-03,9.399999999999408828e-04,9.000000000000119016e-04,1.870000000000038298e-03,7.199999999999429079e-04,-3.238871243899987817e-03,-4.081022796440403333e-03,-2.156810677455212044e-03,1.467480813231225589e-03,3.883465101763627914e-03,5.999999999994898303e-05,4.999999999999449329e-05,4.000000000004000356e-05,-1.499999999999834799e-04,-1.400000000000289901e-04,-1.700000000000034817e-04,-1.299999999999634781e-04,1.999999999990897948e-05,1.000000000006551204e-05,-1.000000000006551204e-05,-1.999999999990897948e-05,-7.000000000001449507e-05,0.000000000000000000e+00,7.999999999996898481e-05,2.000000000002000178e-05,-4.064567186157219680e-05,-1.371208381456545666e-04,-1.498561827804056890e-04,-9.442820227323345250e-05,-3.279650771559339262e-05,-9.000000000003449685e-05,4.999999999999449329e-05,-2.199999999999979750e-04,-3.800000000000469669e-04,-6.999999999990347277e-05,-3.199999999999869615e-04,-3.600000000000269651e-04,4.999999999999449329e-05,3.999999999999559464e-04,-3.699999999999814548e-04,-9.000000000003449685e-05,-3.999999999992898125e-05,0.000000000000000000e+00,1.099999999999434763e-04,4.000000000004000356e-05,-2.273559883856357544e-04,-3.358761064520265904e-04,-3.237901828510025837e-04,-1.960360304409380916e-04,-6.543376565826264368e-05,0.000000000000000000e+00,-2.999999999997449152e-05,-7.000000000001449507e-05,-1.300000000000745004e-04,-7.000000000001449507e-05,-1.299999999999634781e-04,-1.599999999999379696e-04,1.999999999990897948e-05,4.000000000004000356e-05,-1.599999999999379696e-04,-6.400000000000849454e-04,0.000000000000000000e+00,1.000000000006551204e-05,5.999999999994898303e-05,2.999999999997449152e-05,-1.241192837335702848e-04,-6.399770053021613947e-04,-2.968481888363516674e-04,4.251979032861008534e-04,5.572192003272524730e-04
-8.783999999999986263e-02,3.612999999999999545e-02,2.885000000000009779e-02,3.823999999999988519e-02,-1.988999999999996326e-02,-3.301000000000003931e-02,1.034100000000000574e-01,7.184999999999985842e-02,3.176000000000001044e-02,2.574000000000009614e-02,-2.320000000000099760e-03,-3.355999999999981220e-02,6.354999999999988436e-02,-7.432000000000005269e-02,-3.683999999999998387e-02,1.926000000000005485e-02,4.139999999999921521e-03,3.135835748791571120e-02,3.958303989685085789e-02,4.492472461125096572e-02,2.780000000000004690e-03,2.999999999999669598e-04,-2.730000000000010196e-03,7.000000000001449507e-05,-1.519999999999965823e-03,-9.500000000000063949e-04,-6.599999999999939249e-04,-8.800000000001029221e-04,-7.999999999996898481e-05,6.900000000000794387e-04,-1.320000000000098872e-03,1.200000000000089884e-03,7.199999999999429079e-04,1.700000000000034817e-03,-1.200000000000089884e-04,-4.300000000000414602e-04,1.100000000000544986e-04,-2.777821842526617679e-03,-7.708712487741742336e-05,-6.391529515695770769e-04,-7.699999999999374012e-04,2.499999999999724665e-04,-1.700000000000034817e-04,-6.599999999999939249e-04,-1.400000000000289901e-04,-2.000000000002000178e-05,-8.699999999999263878e-04,-2.700000000001034905e-04,3.100000000000324718e-04,-2.240000000000019753e-03,1.240000000000018865e-03,-6.199999999999539213e-04,-2.499999999999724665e-04,-1.400000000000289901e-04,3.619999999999956586e-03,9.100000000000774136e-04,-8.500000000000174083e-04,-1.506932258250381906e-03,-1.451692022336081855e-03,-1.265048924860012747e-04,-8.500000000000174083e-04,-4.000000000004000356e-05,3.900000000000014566e-04,-1.669999999999949303e-03,-6.800000000000139266e-04,-3.400000000000069633e-04,-5.200000000000759570e-04,-4.599999999999049294e-04,3.900000000000014566e-04,-9.900000000000463984e-04,-3.199999999999869615e-04,-9.599999999999608846e-04,1.389999999999891322e-03,-1.699999999998924594e-04,1.199999999998979661e-04,1.400000000000289901e-04,-5.899999999999794298e-04,-4.903443073845936695e-04,-9.674999822334440225e-04,-9.198537186141386712e-04
-2.011186335802161995e-02,2.263077135687840968e-02,4.766045824500708683e-02,3.203859312705592544e-02,-1.035362114450710802e-02,-4.149322222984452857e-02,-3.462501428143505144e-02,1.637591652315695256e-03,3.324162680108810886e-02,3.372333764949220214e-02,7.462618988087865723e-03,-1.576007511385890680e-02,-4.769999999999996465e-02,4.900000000000015454e-03,7.600000000000051159e-03,1.809999999999989395e-02,2.000000000000889955e-04,6.999999999999229061e-04,5.999999999999339195e-04,2.081429675044299543e-02,-1.911432159080406201e-03,-1.910503930961704455e-03,-1.846259772686265066e-03,-1.805607374563589218e-03,-2.275938832733581663e-03,-2.843570595246980304e-03,-9.088526931777529683e-04,2.293820584856942624e-03,-1.824017736113847654e-03,-1.029387980113316559e-02,-6.009562308230576022e-03,6.856821690940040348e-03,-4.599999999999937472e-03,4.099999999999992539e-03,-1.199999999999978861e-03,-1.030000000000008686e-02,-2.399999999999957723e-03,7.000000000000339284e-04,5.999999999999339195e-04,-1.029257135615169183e-02,2.347889081225684738e-03,4.607332115154905150e-03,6.195566378096484250e-03,7.032337985993841745e-03,1.108440930392862178e-03,-9.736513013075598355e-03,-4.643134926739234114e-03,1.638949198548511621e-02,1.608490387519884157e-02,-6.198625769233689908e-03,-7.668200727104335090e-03,6.055177996902583182e-03,1.310000000000000053e-02,4.000000000000114575e-04,1.410000000000000142e-02,1.640000000000002567e-02,-5.000000000000004441e-04,2.399999999999957723e-03,-5.999999999998784084e-04,1.638452437248999471e-02,1.079338968973275747e-03,7.673101381423519385e-04,-3.706669836688325503e-04,-8.164127399644671712e-04,7.748240490912383649e-04,2.230094362450807388e-03,6.604107781119639142e-04,-2.549062384906153333e-03,2.956641095862799773e-03,1.125297108455947104e-02,-1.158594286968228637e-02,-1.920518040274377114e-03,1.600000000000045830e-03,-8.499999999999952038e-03,2.310000000000000941e-02,-1.649999999999995914e-02,3.499999999999947597e-03,-1.500000000000056843e-03,2.099999999999990763e-03,4.234623559390304770e-03
0.000000000000000000e+00,0.000000000000000000e+00,0.000000000000000000e+00,0.000000000000000000e+00,0.000000000000000000e+00,0.000000000000000000e+00,0.000000000000000000e+00,0.000000000000000000e+00,0.000000000000000000e+00,0.000000000000000000e+00,0.000000000000000000e+00,0.000000000000000000e+00,0.000000000000000000e+00,0.000000000000000000e+00,0.000000000000000000e+00,0.000000000000000000e+00,0.000000000000000000e+00,0.000000000000000000e+00,0.000000000000000000e+00,0.000000000000000000e+00,0.000000000000000000e+00,0.000000000000000000e+00,1.538500000000000423e-01,0.000000000000000000e+00,0.000000000000000000e+00,5.081999999999997630e-02,0.000000000000000000e+00,0.000000000000000000e+00,0.000000000000000000e+00,4.959000000000002295e-02,0.000000000000000000e+00,0.000000000000000000e+00,0.000000000000000000e+00,0.000000000000000000e+00,0.000000000000000000e+00,0.000000000000000000e+00,0.000000000000000000e+00,0.000000000000000000e+00,-2.143592132947458317e-03,-1.941912107646714958e-03,4.859999999999999043e-02,0.000000000000000000e+00,0.000000000000000000e+00,0.000000000000000000e+00,0.000000000000000000e+00,0.000000000000000000e+00,6.911000000000000476e-02,0.000000000000000000e+00,0.000000000000000000e+00,1.259999999999983356e-03,0.000000000000000000e+00,6.929000000000004600e-02,5.274999999999996358e-02,0.000000000000000000e+00,0.000000000000000000e+00,0.000000000000000000e+00,0.000000000000000000e+00,0.000000000000000000e+00,3.424573419162052490e-02,3.254400548868680021e-02,0.000000000000000000e+00,0.000000000000000000e+00,7.497999999999999110e-02,4.633000000000001006e-02,3.659000000000012243e-02,4.600999999999988432e-02,0.000000000000000000e+00,0.000000000000000000e+00,8.699999999999818989e-04,0.000000000000000000e+00,0.000000000000000000e+00,1.099400000000000377e-01,0.000000000000000000e+00,0.000000000000000000e+00,0.000000000000000000e+00,0.000000000000000000e+00,0.000000000000000000e+00,0.000000000000000000e+00,3.389759090727106905e-02,3.893784786171533563e-02
0.000000000000000000e+00,0.000000000000000000e+00,0.000000000000000000e+00,0.000000000000000000e+00,0.000000000000000000e+00,0.000000000000000000e+00,0.000000000000000000e+00,0.000000000000000000e+00,0.000000000000000000e+00,0.000000000000000000e+00,0.000000000000000000e+00,0.000000000000000000e+00,0.000000000000000000e+00,0.000000000000000000e+00,0.000000000000000000e+00,0.000000000000000000e+00,0.000000000000000000e+00,0.000000000000000000e+00,0.000000000000000000e+00,0.000000000000000000e+00,0.000000000000000000e+00,0.000000000000000000e+00,5.715000000000003411e-02,0.000000000000000000e+00,0.000000000000000000e+00,1.937999999999995282e-02,0.000000000000000000e+00,0.000000000000000000e+00,0.000000000000000000e+00,4.700000000000037481e-03,0.000000000000000000e+00,0.000000000000000000e+00,0.000000000000000000e+00,0.000000000000000000e+00,0.000000000000000000e+00,0.000000000000000000e+00,0.000000000000000000e+00,0.000000000000000000e+00,1.768073620762949938e-02,5.002509292632184579e-03,1.295999999999997154e-02,0.000000000000000000e+00,0.000000000000000000e+00,0.000000000000000000e+00,0.000000000000000000e+00,0.000000000000000000e+00,9.076000000000000734e-02,0.000000000000000000e+00,2.199999999999979750e-04,8.940000000000003499e-03,0.000000000000000000e+00,1.178199999999999803e-01,2.781000000000000139e-02,0.000000000000000000e+00,0.000000000000000000e+00,0.000000000000000000e+00,0.000000000000000000e+00,0.000000000000000000e+00,6.009547752587424130e-02,5.958775204320398977e-02,0.000000000000000000e+00,0.000000000000000000e+00,4.531000000000000305e-02,5.019000000000001238e-02,3.837999999999996970e-02,1.314999999999999503e-02,0.000000000000000000e+00,1.792000000000001925e-02,2.000000000000057288e-04,0.000000000000000000e+00,0.000000000000000000e+00,3.066800000000000082e-01,0.000000000000000000e+00,0.000000000000000000e+00,0.000000000000000000e+00,0.000000000000000000e+00,0.000000000000000000e+00,0.000000000000000000e+00,4.033463113695323621e-02,5.840114770493698426e-02
-4.000000000000003553e-03,-6.000000000000005329e-03,-3.000000000000113687e-03,-3.999999999999892530e-03,-5.000000000000004441e-03,-5.000000000000004441e-03,-2.999999999999891642e-03,-4.000000000000114575e-03,-4.000000000000003553e-03,-3.000000000000002665e-03,-3.000000000000002665e-03,-5.000000000000004441e-03,-4.000000000000003553e-03,-3.999999999999892530e-03,-5.000000000000004441e-03,-3.000000000000002665e-03,-4.000000000000003553e-03,-4.000000000000003553e-03,-5.000000000000004441e-03,-3.532365907100154523e-03,-4.000000000000003553e-03,-1.999999999999890754e-03,-3.000000000000113687e-03,-3.000000000000002665e-03,-3.000000000000002665e-03,-2.000000000000001776e-03,-1.999999999999890754e-03,-2.000000000000001776e-03,-3.000000000000002665e-03,-3.000000000000002665e-03,-2.000000000000001776e-03,-2.000000000000001776e-03,-2.000000000000001776e-03,-2.000000000000001776e-03,-3.000000000000002665e-03,-3.000000000000002665e-03,-2.000000000000001776e-03,-3.000000000000002665e-03,-3.000000000000002665e-03,-2.347633459643172493e-03,-1.000000000000000888e-03,0.000000000000000000e+00,0.000000000000000000e+00,-1.000000000000000888e-03,1.000000000000000888e-03,0.000000000000000000e+00,1.000000000000000888e-03,0.000000000000000000e+00,0.000000000000000000e+00,0.000000000000000000e+00,0.000000000000000000e+00,0.000000000000000000e+00,0.000000000000000000e+00,0.000000000000000000e+00,0.000000000000000000e+00,-1.000000000000000888e-03,0.000000000000000000e+00,0.000000000000000000e+00,0.000000000000000000e+00,-1.334746124803665168e-04,-1.000000000000000888e-03,-1.000000000000000888e-03,-1.000000000000111910e-03,0.000000000000000000e+00,-9.999999999998898659e-04,-1.000000000000000888e-03,0.000000000000000000e+00,-1.000000000000000888e-03,0.000000000000000000e+00,-1.000000000000000888e-03,-1.000000000000111910e-03,0.000000000000000000e+00,-9.999999999998898659e-04,0.000000000000000000e+00,-1.000000000000000888e-03,-1.000000000000000888e-03,0.000000000000000000e+00,-1.000000000000000888e-03,-1.000000000000111910e-03,5.911955659287926323e-05
-1.190551236116943468e-02,-1.189949480905305723e-02,-1.188492434497434580e-02,-1.208533694002178471e-02,-1.188369612605277847e-02,-1.019148677219805510e-02,-1.475639553830221384e-02,-1.201070668819403942e-02,-8.814064151058564889e-03,-1.945968569458211839e-02,1.167496143026913735e-02,-5.130741336821131870e-02,0.000000000000000000e+00,9.999999999999897859e-03,2.000000000000001776e-02,-9.999999999999997780e-02,2.000000000000001776e-02,-1.000000000000000888e-02,0.000000000000000000e+00,4.963454486562246526e-02,7.331340368463834523e-04,-1.066786724791379815e-03,4.746561359740553154e-03,7.693693733157813686e-03,-1.679969522522950509e-02,-8.628387803043202631e-03,4.137458254249359868e-02,-8.994310577586928090e-05,-4.998390863834378806e-02,2.030468463351636776e-02,3.085881545523772029e-02,-2.538337676532120835e-02,0.000000000000000000e+00,4.999999999999998890e-02,-1.000000000000000888e-02,-1.999999999999996225e-02,-2.000000000000001776e-02,2.999999999999997113e-02,0.000000000000000000e+00,-9.173638754383650618e-03,4.710793724582496012e-03,6.036454168413252219e-03,6.127941629112398925e-03,4.459426273952238340e-03,1.831524201844847433e-03,-1.196996689046991857e-03,1.135083619824783785e-03,1.139071706896432890e-02,3.087996988324515080e-03,-6.900422781302206765e-03,2.229121538013506543e-02,1.679580564635890783e-02,0.000000000000000000e+00,-9.999999999999953371e-03,-2.000000000000001776e-02,2.999999999999997113e-02,1.000000000000000888e-02,1.000000000000000888e-02,0.000000000000000000e+00,-1.494880715252167036e-02,7.936946994598570448e-03,7.696286002309704610e-03,6.680787773098051385e-03,6.141287101377457258e-03,7.885175651147324771e-03,1.093700288361881823e-02,8.767438061611010358e-03,-3.429419466604022304e-04,7.125220642922869274e-05,1.586853897421974802e-02,1.835279403546274946e-02,6.968644072275487211e-03,0.000000000000000000e+00,2.000000000000001776e-02,-3.000000000000002665e-02,1.000000000000000888e-02,3.000000000000002665e-02,2.999999999999997113e-02,-2.000000000000001776e-02,-5.787693760574363910e-03
-2.278122015001526890e-02,-6.484781850539245163e-03,2.013356474299643484e-02,1.774162907738408013e-02,-2.487748294940528293e-02,-6.292770792334700936e-02,-4.533260263052008021e-03,-1.866580362966385742e-03,8.015549673461541680e-02,-8.402513259551169789e-02,-1.996101084513313140e-03,-2.027826209085259457e-03,-2.052400170160839643e-03,-2.069825138548253562e-03,-8.067939353521214052e-02,1.951878310188326360e-02,5.362423727382292782e-02,2.519664324889736573e-02,-4.157297157928319109e-02,-5.989238165329124897e-02,3.393457023603829725e-06,4.771643744794218378e-06,3.517453107559909142e-06,6.355850776795790580e-07,-1.933081939631264845e-06,-2.646548298401718569e-06,-4.773515173583930959e-06,1.288993578540953422e-09,1.002550376050237446e-09,7.161076176487313205e-10,4.296647482249227323e-10,1.432216567565092191e-10,-1.432216567565092191e-10,-4.296647482249227323e-10,-7.161076176487313205e-10,-1.002550598094842371e-09,-1.288993356496348497e-09,4.773515173583930959e-06,4.770622601624197046e-06,3.579354527549760689e-06,2.766026311703528862e-04,1.474025141824375496e-03,2.145106093150994653e-04,6.965532211822278441e-04,1.313120886989982417e-03,9.176336332461509926e-06,1.131177369738445293e-03,9.389566292868911646e-04,7.349911493192973211e-05,1.419493714652109162e-03,4.902634695562735345e-04,3.834576670388445407e-04,1.454831618230567614e-03,1.332751060396653031e-04,8.245638124779741673e-04,1.466680206671178155e-03,1.323302285527461208e-07,1.474363933688493944e-03,9.734612319123314705e-04,1.675469538706675365e-04,1.406055504569858616e-02,1.124471032552865069e-02,9.118433958289595687e-03,8.183202817927393014e-03,8.416357536276453111e-03,1.358845559335697395e-02,5.926824220414239619e-03,8.740690987195876005e-03,1.564922687383785149e-02,2.413679094639742395e-03,9.494550907746202029e-03,-5.960128078158488663e-04,2.113877631253746614e-02,1.116716530806616259e-02,-1.036024026313753232e-02,3.438604507452480696e-02,1.251898328737865995e-02,3.612664584624125652e-02,1.175401618914129198e-02,1.470179018753725586e-02
-6.000000000000449418e-04,2.907299186196699026e-04,1.436017456057925301e-07,-1.908735203652867085e-04,0.000000000000000000e+00,2.000000000000889955e-04,-3.000000000000779821e-04,-9.999999999998898659e-05,4.000000000000669687e-04,2.999999999999669598e-04,0.000000000000000000e+00,-9.999999999998898659e-05,-9.999999999998898659e-05,0.000000000000000000e+00,5.530771591077954241e-05,9.303268343963111420e-05,-4.048800794287377158e-05,-9.195379198079223215e-05,-1.671506347722395702e-05,8.849978585168116751e-05,-1.584112766563894326e-04,-2.224309182051742440e-04,-2.190482428316986585e-04,2.000000000000889955e-04,-3.000000000000779821e-04,0.000000000000000000e+00,-1.999999999999779732e-04,-2.999999999999669598e-04,9.999999999998898659e-05,-1.099999999999989875e-03,-9.000000000000119016e-04,6.000000000000449418e-04,-2.751222004049314052e-05,-6.553239542411715135e-04,-4.401965007847508105e-04,-3.347531572904793862e-04,-1.378135864827934043e-04,-5.956786925842560976e-05,-2.135121591647637374e-04,-3.769143189992218979e-04,-2.238608721394363954e-05,6.800141261820158434e-05,-4.305648434341780018e-04,4.628976306857435219e-04,-7.000000000000339284e-04,2.000000000000889955e-04,-3.000000000000779821e-04,0.000000000000000000e+00,3.000000000000779821e-04,-3.000000000000779821e-04,1.482948004352113713e-04,-4.482948004351783311e-04,2.760328736771677782e-04,-4.326512979383467794e-04,2.746343381861970911e-04,-3.384159673658349021e-04,1.769370179927065578e-05,3.012553278058938133e-05,-3.406020402182408091e-04,2.541480363638104478e-04,-2.999999999999669598e-04,2.999999999999669598e-04,-9.999999999998898659e-05,9.999999999998898659e-05,1.000000000001000089e-04,-1.000000000001000089e-04,-9.999999999998898659e-05,4.000000000000669687e-04,-9.999999999998898659e-05,0.000000000000000000e+00,9.999999999998898659e-05,1.999999999999779732e-04,-1.999999999999779732e-04,2.999999999999669598e-04,-1.999999999999779732e-04,-5.000000000000559552e-04,-3.999999999999559464e-04,-1.255020374936188787e-04,-1.611738059714706850e-05,1.805611726319877874e-04
-7.115605695388049767e-03,-1.250491133217424000e-02,-6.555448884654202502e-03,-2.871604519756099094e-03,-1.752381463612862067e-02,-1.167448863704134698e-02,5.377017760843205707e-03,-8.006839937842347155e-03,-2.349131666875980962e-02,-9.581128301610286613e-03,4.853920436225012125e-03,-8.991473548091710732e-03,-1.643759071396033722e-02,-1.030000000000008686e-02,-6.199999999999872280e-03,-1.906559422147702243e-02,-1.953440577852305626e-02,-3.299999999999969624e-03,-2.350000000000007638e-02,-1.260624439170199285e-02,-1.033242656093424916e-02,-1.107431150432425238e-02,-6.918490209349092979e-03,-1.505350680139161401e-02,-5.052078268454218701e-03,-1.271941982341495692e-02,-1.063875917681966765e-02,-7.945175710818208614e-03,-1.074099014038343292e-02,-1.201638139325822419e-02,-8.191863921937381221e-03,-6.229657500157137484e-03,-2.508157346863332249e-02,1.719999999999999307e-02,-4.280000000000000471e-02,1.791998524098559198e-03,-1.509199852409859322e-02,-9.399999999999963940e-03,2.500000000000002220e-03,-1.670537458731174985e-02,1.505714285714571110e-02,1.505714285713949385e-02,1.505714284328241170e-02,1.505714356178078361e-02,1.505717924341648528e-02,1.505531766488066303e-02,1.505942096236023708e-02,1.542567183523702035e-02,1.294521860236685917e-02,1.249544817462100443e-02,3.609119990998177485e-02,9.066229255365931827e-03,-8.595686338996100240e-03,9.999999999998898659e-05,7.079999999999997407e-02,-1.871680421445875986e-02,1.251680421445877656e-02,1.310000000000011156e-02,1.299999999999990052e-02,1.451863133595010513e-02,-7.319881263669558713e-03,-7.274223268970758660e-03,-7.207776891406725284e-03,-7.694319221191570080e-03,-6.758614720290379019e-03,-6.454657015344533733e-03,-1.205546406912105795e-02,-2.526818418733256522e-03,-4.588386278114864325e-04,-2.198426594426616809e-02,-2.505185901946149762e-03,-7.963601181955271002e-03,-3.699178019260340733e-03,5.300000000000082423e-03,-3.450000000000008615e-02,7.819620564048501699e-03,-5.619620564048521949e-03,-7.099999999999995204e-03,-8.499999999999952038e-03,-1.952874696674922195e-02
1.800579196448814923e-02,1.698186020604641744e-02,1.843421834146019567e-02,1.898384405842323819e-02,1.424300706236092395e-02,1.972082032685473774e-02,2.021838256269237188e-02,1.526131645346040511e-02,1.498291493699710486e-02,2.082687434976393526e-02,2.170312565023591045e-02,9.360000000000034959e-03,1.284252177951883400e-02,8.447756466541167519e-03,9.855240095638650999e-03,9.578364506910186371e-03,9.628231861939173797e-03,9.597516207044409775e-03,9.704894226396754142e-03,9.173809987164882607e-03,2.048434603177273772e-03,7.655097930450716071e-03,1.854846294998435674e-02,3.357327554282274473e-02,4.515498734440059891e-02,4.165933529702559035e-02,5.173999999999989718e-02,-1.938999999999990731e-02,-1.198399999999999466e-01,9.186000000000005272e-02,-2.622300000000000741e-01,1.578000000000001624e-02,-1.221800000000000108e-01,2.957299999999999929e-01,9.741000000000010761e-02,-8.029000000000008352e-02,7.102472532480819112e-02,3.773527467519177669e-02,-3.087147539562229426e-02,-9.266981244675953633e-03,2.016739372082909654e-03,-4.250544392608857081e-02,7.597897790765162362e-02,-1.218612599377865147e-01,1.264587547047149041e-01,-1.062510945014965014e-01,2.449668608726729424e-02,6.777063160861651614e-02,-1.702272757623015664e-01,2.708044688784996268e-01,-3.477600000000000136e-01,1.173100000000000809e-01,-2.852000000000010083e-02,4.306000000000009820e-02,1.227000000000000313e-02,1.420999999999994490e-02,-4.730000000000011973e-03,1.730000000000009308e-03,-5.010999999999998789e-02,3.420663344507335335e-02,1.558521872495832739e-03,2.473750943651098488e-03,3.557007216220986479e-03,3.737539125388988914e-03,2.332703682383696631e-03,2.944432870282120973e-04,-8.411248646178481891e-05,1.791646714242811633e-03,2.035170938055719247e-03,-1.509630505337145046e-02,3.711999999999993083e-02,-1.088000000000000078e-01,1.332000000000000961e-01,-3.400000000000003020e-02,4.850000000000009859e-02,4.864999999999997105e-02,-2.083000000000012619e-02,-1.015699999999999381e-01,-6.458999999999992525e-02,3.288696718223882431e-02
-2.620000000000004270e-03,7.330000000000003180e-03,6.300000000000000044e-03,-2.540000000000007530e-03,1.280000000000017235e-03,-4.776990761585442336e-03,6.968579953081643907e-07,4.629390359011525957e-05,-4.829999999999987081e-03,8.700000000000006339e-03,-6.210000000000014120e-03,-2.979999999999996541e-03,9.300000000000009648e-03,-1.140000000000009062e-03,-2.980670605819954466e-03,1.177909701130352982e-03,1.279548429346938354e-03,8.671729146243756237e-05,-3.062317835958519585e-04,1.083776644706657688e-04,-5.183117796011965650e-04,-7.829060364298312535e-04,-5.959170276769384933e-03,-3.630000000000008220e-03,1.340000000000007851e-03,-6.380000000000003724e-03,-4.930000000000017701e-03,4.400000000000167666e-04,-1.798312179982601566e-03,-6.356324171212748841e-03,-1.212828867339491024e-03,-1.115758466549085504e-04,-5.882470555586841177e-03,-3.675870223389172964e-03,8.256613496747319814e-04,-3.958317367915607093e-03,-5.714238658149947692e-03,7.077514813909335789e-05,-1.489793745708151151e-03,-6.373819363924570353e-03,1.999999999999224620e-05,-2.930000000000002047e-03,1.055999999999999994e-02,-1.170000000000004370e-03,-3.139999999999990021e-03,5.599999999999910605e-04,1.130000000000006000e-03,-1.509999999999997455e-03,4.249999999999989897e-03,-1.029999999999989257e-03,3.192448694956870336e-03,1.597551305043118375e-03,3.738145079627136491e-04,9.873365274870593566e-04,4.438848964550240472e-03,-2.477324982972442524e-03,9.811204839706710867e-04,9.790991104239449294e-04,9.770807555753435736e-04,9.750654164975003368e-04,3.086909999996528819e-03,3.086910000000199494e-03,3.086910000000560317e-03,3.086909999996723108e-03,3.086909999998513343e-03,3.086910000000428478e-03,3.086909999997583531e-03,3.086909999998624365e-03,3.090000000000009406e-03,3.089999999997899982e-03,3.089999999998496727e-03,3.089999999999301639e-03,3.089999999998496727e-03,3.089999999998996327e-03,3.089999999998996327e-03,3.089999999998579994e-03,3.089999999998621627e-03,3.089999999998441216e-03,3.089999999999204494e-03,3.089999999999357150e-03
